Presidential Electors (Vote For 1),,,,,,,,,,,,,,
,,DEM Joseph R. Biden/Kamala D. Harris,,,REP Donald J. Trump/Mike R. Pence,,,LIB Jo Jorgensen/Jeremy Spike Cohen,,,Write-in,,,
County,Registered Voters,Election Day,Absentee,Total Votes,Election Day,Absentee,Total Votes,Election Day,Absentee,Total Votes,Election Day,Absentee,Total Votes,Total
ALEPPO,1388,166,351,517,347,152,499,6,3,9,2,2,4,1029
ASPINWALL DIST 1,861,209,253,462,184,27,211,2,4,6,1,3,4,683
ASPINWALL DIST 2,572,143,170,313,110,16,126,3,0,3,1,0,1,443
ASPINWALL DIST 3,856,200,265,465,150,43,193,7,4,11,2,0,2,671
AVALON WARD 1,1108,238,269,507,211,33,244,6,8,14,2,1,3,768
AVALON WARD 2 DIST 1,717,151,177,328,142,47,189,9,5,14,3,0,3,534
AVALON WARD 2 DIST 2,487,83,138,221,88,51,139,7,1,8,0,1,1,369
AVALON WARD 3 DIST 1,320,57,87,144,81,19,100,1,3,4,1,0,1,249
AVALON WARD 3 DIST 2,454,67,138,205,96,16,112,6,4,10,3,2,5,332
AVALON WARD 3 DIST 3,507,71,153,224,83,48,131,5,0,5,0,2,2,362
BALDWIN BR DIST 1,626,103,131,234,178,51,229,4,2,6,3,0,3,472
BALDWIN BR DIST 2,1024,166,291,457,285,72,357,14,12,26,1,4,5,845
BALDWIN BR DIST 3,838,137,217,354,229,51,280,1,2,3,2,0,2,639
BALDWIN BR DIST 4,782,121,175,296,265,45,310,6,2,8,3,0,3,617
BALDWIN BR DIST 5,824,127,207,334,226,59,285,3,4,7,2,1,3,629
BALDWIN BR DIST 6,764,104,190,294,238,63,301,6,5,11,2,0,2,608
BALDWIN BR DIST 7,820,105,210,315,236,74,310,7,4,11,1,3,4,640
BALDWIN BR DIST 8,715,91,206,297,225,54,279,2,4,6,0,2,2,584
BALDWIN BR DIST 9,769,84,253,337,199,59,258,2,5,7,1,0,1,603
BALDWIN BR DIST 10,1067,144,235,379,153,53,206,6,4,10,0,1,1,596
BALDWIN BR DIST 11,1294,214,329,543,179,80,259,2,4,6,2,3,5,813
BALDWIN BR DIST 12,634,89,151,240,204,48,252,3,2,5,0,1,1,498
BALDWIN BR DIST 13,688,93,176,269,237,80,317,3,4,7,0,3,3,596
BALDWIN BR DIST 14,613,85,153,238,192,56,248,3,2,5,2,1,3,494
BALDWIN BR DIST 15,798,88,218,306,260,77,337,6,6,12,1,0,1,656
BALDWIN BR DIST 16,914,163,211,374,263,65,328,6,6,12,0,1,1,715
BALDWIN BR DIST 17,677,84,216,300,192,55,247,4,0,4,1,0,1,552
BALDWIN BR DIST 18,938,114,305,419,214,86,300,2,1,3,1,1,2,724
BALDWIN TP DIST 1,806,178,171,349,268,45,313,5,1,6,0,2,2,670
BALDWIN TP DIST 2,757,122,200,322,234,36,270,4,2,6,0,0,0,598
BELL ACRES,1205,194,251,445,405,87,492,12,4,16,3,2,5,958
BELLEVUE WARD 1 DIST 1,970,159,270,429,169,47,216,9,3,12,2,2,4,661
BELLEVUE WARD 1 DIST 2,987,203,279,482,167,41,208,5,4,9,1,2,3,702
BELLEVUE WARD 2 DIST 1,1146,210,301,511,198,37,235,11,2,13,2,3,5,764
BELLEVUE WARD 2 DIST 2,1010,189,272,461,191,42,233,14,2,16,6,1,7,717
BELLEVUE WARD 3 DIST 1,1040,194,271,465,195,42,237,12,8,20,2,5,7,729
BELLEVUE WARD 3 DIST 2,1019,205,257,462,213,55,268,12,3,15,2,3,5,750
BEN AVON DIST 1,479,143,125,268,106,18,124,2,0,2,1,2,3,397
BEN AVON DIST 2,986,212,300,512,226,32,258,17,5,22,3,2,5,797
BEN AVON HT,337,98,64,162,104,15,119,3,0,3,0,0,0,284
BETHEL PARK WARD 1 DIST 1,883,118,216,334,272,72,344,5,2,7,2,1,3,688
BETHEL PARK WARD 1 DIST 2,783,125,218,343,232,55,287,9,1,10,2,0,2,642
BETHEL PARK WARD 1 DIST 3,848,123,196,319,248,96,344,9,1,10,0,3,3,676
BETHEL PARK WARD 2 DIST 1,743,96,189,285,243,63,306,6,4,10,2,1,3,604
BETHEL PARK WARD 2 DIST 2,950,115,244,359,311,85,396,1,2,3,0,0,0,758
BETHEL PARK WARD 2 DIST 3,1121,125,289,414,354,105,459,5,6,11,0,1,1,885
BETHEL PARK WARD 3 DIST 1,809,104,202,306,287,68,355,3,2,5,0,1,1,667
BETHEL PARK WARD 3 DIST 2,1100,148,296,444,313,116,429,4,2,6,0,1,1,880
BETHEL PARK WARD 3 DIST 3,1094,119,319,438,327,124,451,7,4,11,2,1,3,903
BETHEL PARK WARD 4 DIST 1,1328,145,334,479,435,147,582,3,4,7,3,1,4,1072
BETHEL PARK WARD 4 DIST 2,800,66,236,302,232,73,305,4,3,7,0,1,1,615
BETHEL PARK WARD 4 DIST 3,910,128,223,351,266,87,353,1,5,6,0,1,1,711
BETHEL PARK WARD 5 DIST 1,714,97,162,259,222,80,302,0,4,4,0,0,0,565
BETHEL PARK WARD 5 DIST 2,679,90,164,254,214,33,247,6,3,9,2,0,2,512
BETHEL PARK WARD 5 DIST 3,1499,130,481,611,358,143,501,9,4,13,0,0,0,1125
BETHEL PARK WARD 6 DIST 1,1320,72,312,384,266,120,386,4,2,6,0,4,4,780
BETHEL PARK WARD 6 DIST 2,960,126,274,400,306,80,386,7,4,11,0,1,1,798
BETHEL PARK WARD 6 DIST 3,879,76,252,328,263,106,369,3,3,6,0,2,2,705
BETHEL PARK WARD 7 DIST 1,1214,138,303,441,431,108,539,11,5,16,0,1,1,997
BETHEL PARK WARD 7 DIST 2,1269,144,358,502,379,105,484,8,2,10,1,1,2,998
BETHEL PARK WARD 7 DIST 3,775,89,219,308,251,61,312,7,1,8,3,2,5,633
BETHEL PARK WARD 8 DIST 1,562,90,143,233,170,40,210,2,3,5,1,2,3,451
BETHEL PARK WARD 8 DIST 2,497,50,137,187,52,70,122,2,2,4,1,1,2,315
BETHEL PARK WARD 8 DIST 3,1274,135,361,496,425,91,516,6,10,16,3,0,3,1031
BETHEL PARK WARD 8 DIST 4,461,68,128,196,151,26,177,4,2,6,0,3,3,382
BETHEL PARK WARD 9 DIST 1,589,83,148,231,189,54,243,2,1,3,0,4,4,481
BETHEL PARK WARD 9 DIST 2,736,104,188,292,200,62,262,6,0,6,0,0,0,560
BETHEL PARK WARD 9 DIST 3,1414,137,409,546,437,162,599,10,6,16,2,1,3,1164
BLAWNOX,1042,197,225,422,245,52,297,11,2,13,2,2,4,736
BRACKENRIDGE WARD 1,507,93,64,157,147,16,163,4,4,8,0,0,0,328
BRACKENRIDGE WARD 2,782,121,129,250,277,42,319,7,1,8,1,1,2,579
BRACKENRIDGE WARD 3,662,81,94,175,234,37,271,13,0,13,1,0,1,460
BRADDOCK WARD 1,490,128,100,228,18,5,23,1,1,2,1,0,1,254
BRADDOCK WARD 2,614,0,135,135,0,9,9,0,2,2,0,0,0,146
BRADDOCK WARD 3,453,130,62,192,8,5,13,0,0,0,1,0,1,206
BRADDOCK HL DIST 1,810,155,213,368,112,38,150,0,3,3,0,1,1,522
BRADDOCK HL DIST 2,543,116,152,268,100,19,119,6,4,10,1,0,1,398
BRADFORD WOODS,1018,136,289,425,312,93,405,3,6,9,3,0,3,842
BRENTWOOD DIST 1,539,94,146,240,151,37,188,2,3,5,1,2,3,436
BRENTWOOD DIST 2,744,109,168,277,207,42,249,9,5,14,5,3,8,548
BRENTWOOD DIST 3,613,94,145,239,174,35,209,5,1,6,0,1,1,455
BRENTWOOD DIST 4,820,145,193,338,232,52,284,2,1,3,1,2,3,628
BRENTWOOD DIST 5,733,145,178,323,136,29,165,3,5,8,0,0,0,496
BRENTWOOD DIST 6,694,114,160,274,132,50,182,5,1,6,0,0,0,462
BRENTWOOD DIST 7,763,137,168,305,193,54,247,6,4,10,1,2,3,565
BRENTWOOD DIST 8,728,83,223,306,174,70,244,5,5,10,2,3,5,565
BRENTWOOD DIST 9,607,95,159,254,151,45,196,4,1,5,1,0,1,456
BRENTWOOD DIST 10,558,75,115,190,174,58,232,6,2,8,0,1,1,431
BRIDGEVILLE DIST 1,830,151,135,286,248,50,298,8,2,10,1,0,1,595
BRIDGEVILLE DIST 2,857,149,163,312,256,43,299,5,0,5,0,1,1,617
BRIDGEVILLE DIST 3,877,132,178,310,281,70,351,6,4,10,1,1,2,673
BRIDGEVILLE DIST 4,1010,172,240,412,298,47,345,5,0,5,3,2,5,767
CARNEGIE WARD 1 DIST 1,547,104,114,218,134,17,151,7,0,7,3,0,3,379
CARNEGIE WARD 1 DIST 2,1225,230,318,548,278,70,348,11,2,13,0,3,3,912
CARNEGIE WARD 1 DIST 3,887,178,217,395,219,52,271,6,3,9,1,0,1,676
CARNEGIE WARD 1 DIST 4,388,80,80,160,55,15,70,2,3,5,0,1,1,236
CARNEGIE WARD 2 DIST 1,672,125,130,255,156,26,182,12,1,13,1,1,2,452
CARNEGIE WARD 2 DIST 2,506,79,132,211,127,20,147,3,0,3,0,0,0,361
CARNEGIE WARD 2 DIST 3,511,66,148,214,136,49,185,2,1,3,0,0,0,402
CARNEGIE WARD 2 DIST 4,904,133,182,315,186,44,230,4,4,8,1,0,1,554
CASL SHANNON DIST 1,1072,179,291,470,181,65,246,5,3,8,1,1,2,726
CASL SHANNON DIST 2,846,161,187,348,216,48,264,9,1,10,2,4,6,628
CASL SHANNON DIST 3,844,125,210,335,236,64,300,10,2,12,3,0,3,650
CASL SHANNON DIST 4,648,103,193,296,152,36,188,3,3,6,2,0,2,492
CASL SHANNON DIST 5,732,133,206,339,193,38,231,4,3,7,3,0,3,580
CASL SHANNON DIST 6,661,101,182,283,185,47,232,7,1,8,2,2,4,527
CASL SHANNON DIST 7,771,122,194,316,241,28,269,1,3,4,1,1,2,591
CASL SHANNON DIST 8,569,92,161,253,163,36,199,1,2,3,1,0,1,456
CHALFANT DIST 1,588,124,128,252,130,30,160,5,1,6,0,1,1,419
CHESWICK DIST 1,648,107,133,240,238,43,281,5,2,7,3,0,3,531
CHESWICK DIST 2,669,105,142,247,260,52,312,2,0,2,1,0,1,562
CHURCHILL DIST 1,712,126,284,410,137,45,182,4,5,9,2,0,2,603
CHURCHILL DIST 2,741,141,270,411,119,37,156,4,4,8,0,1,1,576
CHURCHILL DIST 3,656,125,235,360,131,50,181,3,1,4,2,1,3,548
CHURCHILL DIST 4,704,85,238,323,168,46,214,2,0,2,1,0,1,540
CLAIRTON WARD 1 DIST 1,398,78,64,142,59,17,76,4,2,6,0,0,0,224
CLAIRTON WARD 1 DIST 2,401,65,70,135,94,29,123,3,2,5,0,1,1,264
CLAIRTON WARD 1 DIST 3,336,35,50,85,105,20,125,2,2,4,0,1,1,215
CLAIRTON WARD 2 DIST 1,113,42,18,60,0,1,1,0,1,1,0,0,0,62
CLAIRTON WARD 2 DIST 2,298,77,68,145,12,7,19,1,0,1,0,0,0,165
CLAIRTON WARD 2 DIST 3,437,112,77,189,35,11,46,2,0,2,1,0,1,238
CLAIRTON WARD 3 DIST 1,443,81,95,176,88,24,112,2,2,4,1,0,1,293
CLAIRTON WARD 3 DIST 2,365,79,63,142,60,19,79,2,2,4,0,0,0,225
CLAIRTON WARD 3 DIST 3,400,65,53,118,60,18,78,1,1,2,1,0,1,199
CLAIRTON WARD 4 DIST 1,373,88,88,176,17,7,24,2,1,3,0,0,0,203
CLAIRTON WARD 4 DIST 2,355,102,57,159,28,16,44,0,0,0,0,0,0,203
CLAIRTON WARD 4 DIST 3,451,73,82,155,114,27,141,5,1,6,2,0,2,304
COLLIER DIST 1,1318,166,311,477,458,112,570,4,9,13,1,0,1,1061
COLLIER DIST 2,1353,191,249,440,538,107,645,15,8,23,3,1,4,1112
COLLIER DIST 3,1303,139,381,520,381,128,509,2,4,6,2,1,3,1038
COLLIER DIST 4,775,139,213,352,180,52,232,4,1,5,1,0,1,590
COLLIER DIST 5,987,84,179,263,363,153,516,1,1,2,1,1,2,783
COLLIER DIST 6,1146,157,284,441,348,79,427,10,7,17,1,3,4,889
CORAOPOLIS WARD 1 DIST 1,437,127,88,215,75,8,83,8,0,8,2,3,5,311
CORAOPOLIS WARD 1 DIST 2,513,97,121,218,124,24,148,5,2,7,0,0,0,373
CORAOPOLIS WARD 2,832,142,178,320,138,46,184,7,5,12,1,1,2,518
CORAOPOLIS WARD 3 DIST 1,588,122,128,250,146,26,172,4,0,4,1,0,1,427
CORAOPOLIS WARD 3 DIST 2,578,103,120,223,163,29,192,5,0,5,2,0,2,422
CORAOPOLIS WARD 4 DIST 1,456,91,96,187,122,17,139,2,1,3,0,1,1,330
CORAOPOLIS WARD 4 DIST 2,538,109,132,241,133,29,162,3,1,4,4,1,5,412
CRAFTON WARD 1 DIST 1,932,172,253,425,199,37,236,14,6,20,1,1,2,683
CRAFTON WARD 1 DIST 2,661,127,155,282,155,32,187,12,2,14,2,3,5,488
CRAFTON WARD 2 DIST 1,621,121,161,282,152,34,186,8,0,8,0,1,1,477
CRAFTON WARD 2 DIST 2,808,161,198,359,149,46,195,5,4,9,1,3,4,567
CRAFTON WARD 3 DIST 1,994,214,248,462,248,49,297,12,5,17,2,1,3,779
CRAFTON WARD 3 DIST 2,625,142,133,275,161,40,201,9,0,9,1,2,3,488
CRESCENT WARD 1,1101,158,212,370,392,63,455,8,3,11,1,1,2,838
CRESCENT WARD 2,685,105,105,210,250,49,299,5,2,7,1,1,2,518
DORMONT DIST 1,718,148,214,362,122,31,153,5,1,6,1,1,2,523
DORMONT DIST 2,535,83,191,274,129,29,158,3,0,3,1,2,3,438
DORMONT DIST 3,941,173,307,480,125,43,168,13,5,18,0,2,2,668
DORMONT DIST 4,673,126,223,349,122,32,154,9,1,10,2,3,5,518
DORMONT DIST 5,1098,197,364,561,165,53,218,8,6,14,3,0,3,796
DORMONT DIST 6,534,124,168,292,88,26,114,8,0,8,0,1,1,415
DORMONT DIST 7,527,107,190,297,85,24,109,0,2,2,1,2,3,411
DORMONT DIST 8,424,77,134,211,83,18,101,3,2,5,1,3,4,321
DORMONT DIST 9,548,104,171,275,102,15,117,3,0,3,3,0,3,398
DORMONT DIST 10,639,146,211,357,112,35,147,6,3,9,0,1,1,514
DRAVOSBURG DIST 1,541,67,103,170,151,43,194,5,2,7,0,1,1,372
DRAVOSBURG DIST 2,341,37,60,97,130,33,163,3,3,6,0,0,0,266
DRAVOSBURG DIST 3,266,42,47,89,85,22,107,2,0,2,0,0,0,198
DUQUESNE WARD 1 DIST 1,446,101,95,196,79,22,101,2,1,3,0,0,0,300
DUQUESNE WARD 1 DIST 2,530,116,69,185,41,17,58,2,0,2,0,1,1,246
DUQUESNE WARD 1 DIST 3,322,76,43,119,11,5,16,0,0,0,0,0,0,135
DUQUESNE WARD 1 DIST 4,209,41,25,66,13,6,19,0,0,0,0,0,0,85
DUQUESNE WARD 2 DIST 1,348,92,67,159,18,3,21,1,0,1,0,0,0,181
DUQUESNE WARD 2 DIST 2,377,109,60,169,21,9,30,4,0,4,0,0,0,203
DUQUESNE WARD 2 DIST 3,431,102,58,160,68,17,85,0,1,1,0,0,0,246
DUQUESNE WARD 3 DIST 1,236,72,43,115,14,3,17,0,0,0,0,0,0,132
DUQUESNE WARD 3 DIST 2,171,50,32,82,11,1,12,0,0,0,0,0,0,94
DUQUESNE WARD 3 DIST 3,556,137,111,248,65,20,85,0,1,1,1,0,1,335
EAST DEER WARD 1,332,61,53,114,115,13,128,2,1,3,0,0,0,245
EAST DEER WARD 2,574,79,99,178,213,33,246,2,0,2,1,0,1,427
E MCKEESPORT DIST 1,411,57,91,148,125,17,142,0,2,2,1,0,1,293
E MCKEESPORT DIST 2,524,127,94,221,127,20,147,6,1,7,0,1,1,376
E MCKEESPORT DIST 3,482,104,67,171,129,25,154,4,2,6,1,1,2,333
E PITTSBURGH WARD 1,356,99,54,153,33,12,45,3,0,3,2,0,2,203
E PITTSBURGH WARD 2,405,134,42,176,37,6,43,4,0,4,2,1,3,226
E PITTSBURGH WARD 3,530,110,87,197,41,14,55,2,0,2,0,0,0,254
EDGEWOOD DIST 1,1030,221,462,683,82,24,106,1,3,4,0,0,0,793
EDGEWOOD DIST 2,965,205,435,640,81,44,125,3,2,5,1,1,2,772
EDGEWOOD DIST 3,894,149,437,586,49,38,87,1,1,2,1,3,4,679
EDGEWORTH DIST 1,695,130,173,303,160,45,205,5,1,6,3,2,5,519
EDGEWORTH DIST 2,763,157,204,361,186,58,244,6,6,12,2,1,3,620
ELIZABETH BR,894,121,137,258,327,51,378,11,1,12,0,0,0,648
ELIZABETH TP WARD 1 DIST 1,562,66,100,166,218,55,273,2,1,3,0,1,1,443
ELIZABETH TP WARD 1 DIST 2,945,77,169,246,414,86,500,8,1,9,1,0,1,756
ELIZABETH TP WARD 2,1304,116,235,351,545,134,679,6,2,8,0,3,3,1041
ELIZABETH TP WARD 3,1360,147,261,408,551,148,699,11,3,14,1,1,2,1123
ELIZABETH TP WARD 4 DIST 1,926,80,179,259,349,92,441,4,3,7,1,2,3,710
ELIZABETH TP WARD 4 DIST 2,463,48,86,134,170,63,233,2,1,3,2,0,2,372
ELIZABETH TP WARD 5 DIST 1,463,37,68,105,192,37,229,5,0,5,2,0,2,341
ELIZABETH TP WARD 5 DIST 2,818,94,141,235,305,61,366,3,2,5,1,1,2,608
ELIZABETH TP WARD 6 DIST 1,606,53,104,157,277,55,332,2,1,3,0,2,2,494
ELIZABETH TP WARD 6 DIST 2,731,52,107,159,353,54,407,3,1,4,0,0,0,570
ELIZABETH TP WARD 7,1293,74,281,355,290,108,398,4,1,5,0,1,1,759
EMSWORTH DIST 1,807,213,137,350,230,43,273,7,5,12,1,0,1,636
EMSWORTH DIST 2,1009,174,234,408,264,61,325,15,5,20,1,0,1,754
ETNA WARD 1,840,168,192,360,202,30,232,6,2,8,2,0,2,602
ETNA WARD 2,714,117,153,270,174,40,214,3,2,5,3,1,4,493
ETNA WARD 3,729,160,134,294,228,44,272,4,0,4,2,0,2,572
FAWN DIST 1,574,68,63,131,292,39,331,4,0,4,0,1,1,467
FAWN DIST 2,936,97,139,236,450,60,510,7,1,8,0,1,1,755
FINDLAY DIST 1,1566,184,255,439,650,142,792,13,3,16,3,0,3,1250
FINDLAY DIST 2,1830,249,364,613,629,140,769,14,6,20,0,0,0,1402
FINDLAY DIST 3,1207,193,235,428,452,79,531,7,1,8,0,2,2,969
FOREST HILLS DIST 1,621,105,271,376,99,32,131,3,1,4,1,1,2,513
FOREST HILLS DIST 2,649,123,248,371,113,41,154,3,2,5,1,3,4,534
FOREST HILLS DIST 3,647,125,223,348,116,44,160,4,0,4,1,1,2,514
FOREST HILLS DIST 4,708,166,224,390,99,31,130,4,1,5,4,0,4,529
FOREST HILLS DIST 5,730,145,244,389,145,42,187,2,5,7,0,1,1,584
FOREST HILLS DIST 6,607,123,248,371,76,25,101,1,2,3,2,3,5,480
FOREST HILLS DIST 7,800,201,214,415,101,18,119,5,0,5,1,1,2,541
FOREST HILLS DIST 8,743,117,248,365,158,50,208,2,2,4,0,2,2,579
FORWARD DIST 1,367,36,23,59,200,30,230,1,2,3,1,1,2,294
FORWARD DIST 2,834,70,140,210,353,47,400,6,2,8,0,0,0,618
FORWARD DIST 3,401,47,60,107,186,29,215,1,1,2,0,1,1,325
FORWARD DIST 4,479,73,66,139,211,28,239,4,2,6,0,0,0,384
FOX CHAPEL DIST 1,861,171,248,419,217,42,259,2,4,6,1,0,1,685
FOX CHAPEL DIST 2,1035,179,316,495,240,56,296,7,5,12,0,2,2,805
FOX CHAPEL DIST 3,737,138,211,349,161,57,218,9,1,10,1,2,3,580
FOX CHAPEL DIST 4,1224,186,439,625,251,81,332,2,4,6,0,2,2,965
FOX CHAPEL DIST 5,949,130,258,388,246,88,334,4,2,6,2,2,4,732
FRANKLIN PK WARD 1 DIST 1,1209,144,293,437,398,123,521,5,3,8,2,1,3,969
FRANKLIN PK WARD 1 DIST 2,1456,138,448,586,425,155,580,6,3,9,5,0,5,1180
FRANKLIN PK WARD 1 DIST 3,1338,153,404,557,362,126,488,6,10,16,3,1,4,1065
FRANKLIN PK WARD 2 DIST 1,1236,143,377,520,336,134,470,6,7,13,6,3,9,1012
FRANKLIN PK WARD 2 DIST 2,1274,125,387,512,344,149,493,1,9,10,2,1,3,1018
FRANKLIN PK WARD 2 DIST 3,1417,204,447,651,378,149,527,8,2,10,4,4,8,1196
FRANKLIN PK WARD 3 DIST 1,1307,112,429,541,362,142,504,6,7,13,3,3,6,1064
FRANKLIN PK WARD 3 DIST 2,806,107,231,338,237,73,310,5,5,10,1,3,4,662
FRANKLIN PK WARD 3 DIST 3,1276,128,412,540,368,133,501,9,2,11,1,3,4,1056
FRAZER,804,98,102,200,392,48,440,4,1,5,1,0,1,646
GLASSPORT DIST 1,576,67,105,172,201,27,228,5,1,6,1,0,1,407
GLASSPORT DIST 2,397,51,47,98,93,20,113,4,3,7,1,1,2,220
GLASSPORT DIST 3,539,74,98,172,116,32,148,9,1,10,0,1,1,331
GLASSPORT DIST 4,244,27,21,48,72,10,82,1,0,1,0,0,0,131
GLASSPORT DIST 5,485,61,76,137,174,38,212,4,0,4,0,0,0,353
GLASSPORT DIST 6,446,54,70,124,140,22,162,3,1,4,0,0,0,290
GLENFIELD,157,23,27,50,52,8,60,1,1,2,0,0,0,112
GREEN TREE DIST 1,811,145,204,349,251,59,310,10,1,11,0,1,1,671
GREEN TREE DIST 2,1084,162,309,471,339,66,405,2,3,5,2,1,3,884
GREEN TREE DIST 3,1031,190,258,448,284,74,358,8,2,10,1,0,1,817
GREEN TREE DIST 4,882,155,233,388,226,61,287,10,4,14,1,2,3,692
HAMPTON DIST 1,1206,168,305,473,381,102,483,13,3,16,4,3,7,979
HAMPTON DIST 2,1258,154,280,434,446,110,556,7,2,9,3,4,7,1006
HAMPTON DIST 3,1365,149,357,506,412,133,545,9,6,15,2,1,3,1069
HAMPTON DIST 4,656,56,168,224,246,52,298,6,0,6,1,3,4,532
HAMPTON DIST 5,726,83,210,293,238,51,289,6,1,7,1,0,1,590
HAMPTON DIST 6,654,82,155,237,164,65,229,4,1,5,1,2,3,474
HAMPTON DIST 7,1382,166,326,492,457,128,585,1,7,8,1,0,1,1086
HAMPTON DIST 8,975,144,261,405,284,75,359,5,3,8,2,1,3,775
HAMPTON DIST 9,1362,176,307,483,503,117,620,5,5,10,1,1,2,1115
HAMPTON DIST 10,1561,162,437,599,430,168,598,5,3,8,2,0,2,1207
HAMPTON DIST 11,1725,245,452,697,609,131,740,5,8,13,1,3,4,1454
HAMPTON DIST 12,905,142,233,375,278,78,356,1,1,2,0,1,1,734
HAMPTON DIST 13,780,102,199,301,231,77,308,3,3,6,1,2,3,618
HARMAR DIST 1,1313,130,339,469,373,133,506,10,8,18,0,2,2,995
HARMAR DIST 2,724,99,110,209,238,51,289,2,0,2,0,1,1,501
HARMAR DIST 3,365,35,63,98,141,25,166,2,3,5,0,0,0,269
HARRISON WARD 1 DIST 1,287,43,59,102,120,20,140,0,2,2,0,0,0,244
HARRISON WARD 1 DIST 2,606,85,144,229,205,40,245,1,0,1,0,5,5,480
HARRISON WARD 1 DIST 3,684,109,111,220,258,44,302,7,1,8,0,0,0,530
HARRISON WARD 2 DIST 1,325,47,65,112,114,19,133,1,1,2,1,0,1,248
HARRISON WARD 2 DIST 2,571,86,74,160,162,16,178,2,2,4,2,0,2,344
HARRISON WARD 3 DIST 1,1070,123,237,360,406,81,487,6,6,12,1,2,3,862
HARRISON WARD 3 DIST 2,633,102,113,215,248,37,285,7,4,11,1,0,1,512
HARRISON WARD 4 DIST 1,709,104,122,226,285,42,327,4,1,5,0,1,1,559
HARRISON WARD 4 DIST 2,595,66,97,163,228,41,269,6,1,7,0,0,0,439
HARRISON WARD 5 DIST 1,503,96,89,185,92,30,122,5,2,7,4,2,6,320
HARRISON WARD 5 DIST 2,796,116,127,243,314,62,376,8,0,8,1,1,2,629
HAYSVILLE,67,14,12,26,24,1,25,2,0,2,0,0,0,53
HEIDELBERG,937,245,148,393,289,35,324,7,1,8,3,0,3,728
HOMESTEAD WARD 1 DIST 1,560,0,136,136,0,24,24,0,1,1,0,0,0,161
HOMESTEAD WARD 1 DIST 2,344,114,68,182,13,7,20,1,1,2,0,0,0,204
HOMESTEAD WARD 2 DIST 1,402,134,80,214,15,7,22,1,2,3,1,0,1,240
HOMESTEAD WARD 2 DIST 2,310,117,59,176,14,3,17,1,0,1,2,0,2,196
HOMESTEAD WARD 3 DIST 1,475,143,63,206,23,10,33,3,0,3,0,0,0,242
HOMESTEAD WARD 3 DIST 2,281,81,44,125,8,4,12,0,0,0,0,0,0,137
INDIANA DIST 1,1001,143,216,359,312,84,396,13,1,14,1,0,1,770
INDIANA DIST 2,887,120,188,308,314,73,387,4,3,7,0,0,0,702
INDIANA DIST 3,1385,147,309,456,444,112,556,14,6,20,2,1,3,1035
INDIANA DIST 4,1148,154,302,456,359,80,439,10,1,11,0,1,1,907
INDIANA DIST 5,933,140,98,238,279,43,322,5,1,6,2,2,4,570
INGRAM DIST 1,834,175,209,384,203,27,230,8,5,13,3,1,4,631
INGRAM DIST 2,648,143,149,292,148,32,180,5,1,6,1,0,1,479
INGRAM DIST 3,946,192,208,400,268,46,314,8,2,10,4,2,6,730
JEFFERSON HL DIST 1,1763,201,412,613,648,165,813,5,1,6,1,0,1,1433
JEFFERSON HL DIST 2,831,91,126,217,360,57,417,5,7,12,1,0,1,647
JEFFERSON HL DIST 3,698,65,164,229,246,68,314,5,4,9,1,1,2,554
JEFFERSON HL DIST 4,676,66,141,207,212,68,280,3,3,6,1,0,1,494
JEFFERSON HL DIST 5,2082,174,483,657,682,254,936,5,6,11,2,3,5,1609
JEFFERSON HL DIST 6,1012,100,118,218,548,61,609,1,2,3,1,0,1,831
JEFFERSON HL DIST 7,387,39,71,110,178,28,206,2,1,3,1,1,2,321
JEFFERSON HL DIST 8,1328,153,337,490,482,121,603,7,4,11,1,4,5,1109
KENNEDY DIST 1,1546,144,376,520,540,147,687,6,4,10,0,2,2,1219
KENNEDY DIST 2,911,123,215,338,263,61,324,1,4,5,0,1,1,668
KENNEDY DIST 3,991,145,236,381,315,89,404,1,6,7,0,1,1,793
KENNEDY DIST 4,447,64,104,168,142,34,176,1,1,2,0,1,1,347
KENNEDY DIST 5,1390,194,298,492,461,119,580,6,5,11,2,2,4,1087
KENNEDY DIST 6,930,139,241,380,275,52,327,5,0,5,0,1,1,713
KENNEDY DIST 7,569,73,121,194,203,43,246,3,0,3,0,0,0,443
KILBUCK,620,104,153,257,224,34,258,3,0,3,0,0,0,518
LEET DIST 1,417,113,68,181,147,13,160,5,1,6,0,1,1,348
LEET DIST 2,806,143,219,362,227,54,281,4,4,8,2,0,2,653
LEETSDALE,877,195,156,351,222,44,266,7,2,9,2,0,2,628
LIBERTY DIST 1,892,139,118,257,374,54,428,9,3,12,1,0,1,698
LIBERTY DIST 2,804,110,109,219,345,48,393,10,1,11,3,1,4,627
LINCOLN,698,80,80,160,364,41,405,6,2,8,0,1,1,574
MARSHALL DIST 1,954,89,278,367,248,113,361,5,4,9,0,2,2,739
MARSHALL DIST 2,1136,144,257,401,383,111,494,5,4,9,1,1,2,906
MARSHALL DIST 3,831,98,219,317,229,106,335,3,2,5,1,2,3,660
MARSHALL DIST 4,1194,121,363,484,339,127,466,6,2,8,0,0,0,958
MARSHALL DIST 5,908,83,296,379,228,122,350,1,3,4,1,4,5,738
MARSHALL DIST 6,1021,126,291,417,312,93,405,5,2,7,1,4,5,834
MARSHALL DIST 7,1296,139,331,470,367,126,493,4,2,6,0,2,2,971
MCCANDLESS WARD 1 DIST 1,1148,105,349,454,321,121,442,8,3,11,4,1,5,912
MCCANDLESS WARD 1 DIST 2,805,78,253,331,161,60,221,3,3,6,1,0,1,559
MCCANDLESS WARD 1 DIST 3,1288,132,339,471,348,114,462,4,4,8,2,3,5,946
MCCANDLESS WARD 2 DIST 1,1422,142,487,629,326,148,474,4,2,6,2,3,5,1114
MCCANDLESS WARD 2 DIST 2,888,94,251,345,276,92,368,2,1,3,0,1,1,717
MCCANDLESS WARD 2 DIST 3,890,91,259,350,258,97,355,6,5,11,3,2,5,721
MCCANDLESS WARD 3 DIST 1,970,115,292,407,258,76,334,4,3,7,2,4,6,754
MCCANDLESS WARD 3 DIST 2,1098,130,306,436,342,96,438,7,3,10,1,0,1,885
MCCANDLESS WARD 3 DIST 3,1127,109,327,436,385,110,495,4,8,12,2,3,5,948
MCCANDLESS WARD 4 DIST 1,1532,166,472,638,433,164,597,13,4,17,2,2,4,1256
MCCANDLESS WARD 4 DIST 2,958,130,262,392,265,95,360,7,2,9,0,2,2,763
MCCANDLESS WARD 4 DIST 3,746,96,232,328,214,91,305,5,9,14,0,5,5,652
MCCANDLESS WARD 5 DIST 1,858,93,216,309,291,91,382,4,1,5,1,1,2,698
MCCANDLESS WARD 5 DIST 2,1414,165,380,545,358,133,491,10,4,14,1,1,2,1052
MCCANDLESS WARD 5 DIST 3,1007,133,323,456,230,106,336,6,4,10,2,0,2,804
MCCANDLESS WARD 6 DIST 1,488,56,154,210,142,53,195,3,1,4,0,0,0,409
MCCANDLESS WARD 6 DIST 2,1057,109,328,437,289,140,429,6,7,13,0,1,1,880
MCCANDLESS WARD 6 DIST 3,1918,178,641,819,395,220,615,14,8,22,1,5,6,1462
MCCANDLESS WARD 7 DIST 1,1667,166,470,636,410,181,591,9,12,21,1,1,2,1250
MCCANDLESS WARD 7 DIST 2,1018,93,340,433,272,102,374,4,4,8,2,2,4,819
MCCANDLESS WARD 7 DIST 3,529,66,163,229,128,63,191,2,5,7,0,0,0,427
MCDONALD,229,30,25,55,104,16,120,0,0,0,0,0,0,175
MCKEESPORT WARD 1,9,3,0,3,0,0,0,0,0,0,0,0,0,3
MCKEESPORT WARD 2,245,35,22,57,11,5,16,0,1,1,0,0,0,74
MCKEESPORT WARD 3 DIST 1,299,70,37,107,7,6,13,2,0,2,0,0,0,122
MCKEESPORT WARD 3 DIST 2,118,27,27,54,2,2,4,0,0,0,0,0,0,58
MCKEESPORT WARD 4,309,64,41,105,8,4,12,2,0,2,2,1,3,122
MCKEESPORT WARD 5,472,78,80,158,23,9,32,2,0,2,0,0,0,192
MCKEESPORT WARD 6 DIST 1,349,49,49,98,30,16,46,3,0,3,0,0,0,147
MCKEESPORT WARD 6 DIST 2,291,62,32,94,15,9,24,0,1,1,0,0,0,119
MCKEESPORT WARD 7 DIST 1,469,123,116,239,25,11,36,7,1,8,0,0,0,283
MCKEESPORT WARD 7 DIST 2,275,70,74,144,5,3,8,1,0,1,1,0,1,154
MCKEESPORT WARD 7 DIST 3,338,86,53,139,28,6,34,2,3,5,0,0,0,178
MCKEESPORT WARD 7 DIST 4,425,116,59,175,37,9,46,1,1,2,0,0,0,223
MCKEESPORT WARD 7 DIST 5,536,139,85,224,69,21,90,1,0,1,0,0,0,315
MCKEESPORT WARD 7 DIST 6,479,109,79,188,61,14,75,1,1,2,1,1,2,267
MCKEESPORT WARD 7 DIST 7,357,78,72,150,14,3,17,2,0,2,0,0,0,169
MCKEESPORT WARD 8 DIST 1,280,34,40,74,76,20,96,0,0,0,0,0,0,170
MCKEESPORT WARD 8 DIST 2,511,87,105,192,97,17,114,2,0,2,1,0,1,309
MCKEESPORT WARD 8 DIST 3,561,113,114,227,51,14,65,0,0,0,1,0,1,293
MCKEESPORT WARD 8 DIST 4,464,75,69,144,124,22,146,1,0,1,0,0,0,291
MCKEESPORT WARD 8 DIST 5,544,137,59,196,24,1,25,0,0,0,1,0,1,222
MCKEESPORT WARD 8 DIST 6,218,29,33,62,68,11,79,0,0,0,0,0,0,141
MCKEESPORT WARD 9 DIST 1,448,75,77,152,106,28,134,2,2,4,0,0,0,290
MCKEESPORT WARD 9 DIST 2,579,117,83,200,133,16,149,5,0,5,0,0,0,354
MCKEESPORT WARD 9 DIST 3,418,80,70,150,91,21,112,3,1,4,1,0,1,267
MCKEESPORT WARD 10 DIST 1,322,49,38,87,58,14,72,2,0,2,0,1,1,162
MCKEESPORT WARD 10 DIST 2,329,48,63,111,73,27,100,1,0,1,1,0,1,213
MCKEESPORT WARD 11 DIST 1,423,72,64,136,114,20,134,1,1,2,0,1,1,273
MCKEESPORT WARD 11 DIST 2,388,56,60,116,110,29,139,3,2,5,0,2,2,262
MCKEESPORT WARD 11 DIST 3,270,52,72,124,49,14,63,1,0,1,1,0,1,189
MCKEESPORT WARD 12 DIST 1,317,41,51,92,116,10,126,4,0,4,0,0,0,222
MCKEESPORT WARD 12 DIST 2,375,63,66,129,126,18,144,1,0,1,0,0,0,274
MCKEESPORT WARD 12 DIST 3,559,76,127,203,200,45,245,2,1,3,1,0,1,452
MCKEES ROCKS WARD 1 DIST 1,240,46,9,55,7,1,8,1,0,1,0,0,0,64
MCKEES ROCKS WARD 1 DIST 2,555,113,91,204,65,17,82,7,2,9,1,0,1,296
MCKEES ROCKS WARD 2 DIST 1,664,134,77,211,101,20,121,4,0,4,1,0,1,337
MCKEES ROCKS WARD 2 DIST 2,566,113,73,186,75,7,82,3,1,4,2,0,2,274
MCKEES ROCKS WARD 3 DIST 1,720,92,153,245,152,44,196,3,1,4,0,1,1,446
MCKEES ROCKS WARD 3 DIST 2,556,106,83,189,86,14,100,3,3,6,0,0,0,295
MCKEES ROCKS WARD 3 DIST 3,528,108,95,203,71,26,97,2,0,2,0,0,0,302
MILLVALE DIST 1,510,114,97,211,111,13,124,3,2,5,0,0,0,340
MILLVALE DIST 2,470,88,77,165,116,18,134,5,2,7,1,1,2,308
MILLVALE DIST 3,453,88,109,197,83,17,100,3,0,3,0,0,0,300
MILLVALE DIST 4,453,92,77,169,112,21,133,7,2,9,0,2,2,313
MILLVALE DIST 5,517,106,116,222,121,31,152,2,2,4,1,0,1,379
MONROEVILLE WARD 1 DIST 1,692,86,161,247,194,50,244,5,6,11,0,2,2,504
MONROEVILLE WARD 1 DIST 2,656,65,189,254,192,71,263,2,1,3,0,1,1,521
MONROEVILLE WARD 1 DIST 3,830,100,319,419,180,67,247,3,2,5,1,1,2,673
MONROEVILLE WARD 1 DIST 4,931,155,239,394,120,61,181,4,7,11,2,1,3,589
MONROEVILLE WARD 2 DIST 1,937,146,273,419,227,92,319,2,2,4,3,0,3,745
MONROEVILLE WARD 2 DIST 2,1016,120,333,453,235,103,338,13,2,15,3,3,6,812
MONROEVILLE WARD 2 DIST 3,1082,138,335,473,251,113,364,5,3,8,0,0,0,845
MONROEVILLE WARD 3 DIST 1,1241,115,346,461,315,142,457,5,5,10,1,2,3,931
MONROEVILLE WARD 3 DIST 2,632,79,159,238,201,55,256,3,2,5,1,1,2,501
MONROEVILLE WARD 3 DIST 3,1002,116,358,474,247,100,347,4,3,7,0,1,1,829
MONROEVILLE WARD 3 DIST 4,443,59,139,198,105,44,149,3,0,3,1,1,2,352
MONROEVILLE WARD 4 DIST 1,661,85,175,260,180,68,248,5,4,9,1,0,1,518
MONROEVILLE WARD 4 DIST 2,1036,143,250,393,296,81,377,8,3,11,0,1,1,782
MONROEVILLE WARD 4 DIST 3,974,124,261,385,284,86,370,9,2,11,0,0,0,766
MONROEVILLE WARD 5 DIST 1,586,90,124,214,185,42,227,3,1,4,2,0,2,447
MONROEVILLE WARD 5 DIST 2,904,118,272,390,128,50,178,2,4,6,0,0,0,574
MONROEVILLE WARD 5 DIST 3,947,104,254,358,206,75,281,5,3,8,0,1,1,648
MONROEVILLE WARD 5 DIST 4,695,95,171,266,113,49,162,1,2,3,1,0,1,432
MONROEVILLE WARD 6 DIST 1,837,109,221,330,253,61,314,4,2,6,1,1,2,652
MONROEVILLE WARD 6 DIST 2,895,112,243,355,206,71,277,4,3,7,1,1,2,641
MONROEVILLE WARD 6 DIST 3,1122,188,279,467,173,43,216,8,1,9,0,2,2,694
MONROEVILLE WARD 6 DIST 4,377,37,118,155,41,30,71,1,0,1,0,1,1,228
MONROEVILLE WARD 7 DIST 1,1384,206,450,656,267,124,391,13,3,16,3,0,3,1066
MONROEVILLE WARD 7 DIST 2,853,171,246,417,167,45,212,2,4,6,0,0,0,635
MONROEVILLE WARD 7 DIST 3,610,92,174,266,149,40,189,2,3,5,2,0,2,462
MOON DIST 1,1248,151,222,373,282,67,349,4,1,5,0,3,3,730
MOON DIST 2,1851,209,494,703,537,182,719,11,6,17,1,5,6,1445
MOON DIST 3,1447,179,335,514,366,96,462,15,5,20,4,3,7,1003
MOON DIST 4,782,104,178,282,266,64,330,4,3,7,0,0,0,619
MOON DIST 5,2535,251,665,916,787,265,1052,14,9,23,4,0,4,1995
MOON DIST 6,2408,290,518,808,803,233,1036,6,7,13,5,3,8,1865
MOON DIST 7,1604,191,365,556,383,115,498,19,7,26,2,1,3,1083
MOON DIST 8,1054,129,248,377,321,89,410,5,1,6,1,0,1,794
MOON DIST 9,2026,179,438,617,607,192,799,9,6,15,3,3,6,1437
MOON DIST 10,786,129,162,291,246,55,301,3,1,4,3,2,5,601
MOON DIST 11,1373,163,318,481,440,129,569,9,7,16,2,2,4,1070
MOON DIST 12,1035,142,254,396,353,70,423,9,6,15,0,1,1,835
MOON DIST 13,718,85,138,223,254,65,319,5,4,9,2,2,4,555
MT LEBANON WARD 1 DIST 1,835,117,295,412,177,59,236,2,2,4,3,2,5,657
MT LEBANON WARD 1 DIST 2,682,146,241,387,112,19,131,1,1,2,0,0,0,520
MT LEBANON WARD 1 DIST 3,656,128,256,384,100,47,147,5,3,8,1,0,1,540
MT LEBANON WARD 1 DIST 4,782,115,317,432,165,40,205,5,2,7,1,1,2,646
MT LEBANON WARD 1 DIST 5,631,121,226,347,124,23,147,2,2,4,1,0,1,499
MT LEBANON WARD 1 DIST 6,1084,153,363,516,186,102,288,4,1,5,1,1,2,811
MT LEBANON WARD 1 DIST 7,767,120,287,407,125,43,168,6,4,10,1,2,3,588
MT LEBANON WARD 2 DIST 1,995,140,390,530,178,64,242,7,6,13,0,1,1,786
MT LEBANON WARD 2 DIST 2,600,105,197,302,106,39,145,3,1,4,1,1,2,453
MT LEBANON WARD 2 DIST 3,718,117,277,394,113,39,152,1,2,3,3,0,3,552
MT LEBANON WARD 2 DIST 4,580,98,239,337,91,29,120,4,0,4,1,1,2,463
MT LEBANON WARD 2 DIST 5,576,86,221,307,111,34,145,2,2,4,0,1,1,457
MT LEBANON WARD 2 DIST 6,586,88,214,302,123,47,170,4,1,5,1,3,4,481
MT LEBANON WARD 2 DIST 7,656,106,250,356,141,30,171,2,4,6,4,0,4,537
MT LEBANON WARD 2 DIST 8,1021,99,364,463,163,130,293,0,3,3,3,3,6,765
MT LEBANON WARD 3 DIST 1,656,100,238,338,134,43,177,4,2,6,3,2,5,526
MT LEBANON WARD 3 DIST 2,895,170,350,520,176,43,219,5,3,8,0,5,5,752
MT LEBANON WARD 3 DIST 3,715,85,261,346,154,60,214,3,1,4,2,1,3,567
MT LEBANON WARD 3 DIST 4,761,123,223,346,134,55,189,3,6,9,1,3,4,548
MT LEBANON WARD 3 DIST 5,705,135,240,375,145,44,189,3,1,4,1,1,2,570
MT LEBANON WARD 3 DIST 6,466,99,168,267,99,18,117,3,0,3,0,2,2,389
MT LEBANON WARD 3 DIST 7,878,96,299,395,177,98,275,1,1,2,1,3,4,676
MT LEBANON WARD 3 DIST 8,322,54,96,150,77,25,102,0,1,1,0,0,0,253
MT LEBANON WARD 4 DIST 1,802,120,258,378,140,44,184,3,5,8,0,3,3,573
MT LEBANON WARD 4 DIST 2,904,182,310,492,158,37,195,3,5,8,0,3,3,698
MT LEBANON WARD 4 DIST 3,757,114,234,348,134,61,195,8,0,8,2,2,4,555
MT LEBANON WARD 4 DIST 4,665,108,207,315,162,54,216,3,1,4,2,3,5,540
MT LEBANON WARD 4 DIST 5,657,132,221,353,145,43,188,3,1,4,0,2,2,547
MT LEBANON WARD 4 DIST 6,690,132,248,380,133,41,174,6,2,8,0,0,0,562
MT LEBANON WARD 4 DIST 7,868,133,327,460,129,62,191,2,1,3,0,1,1,655
MT LEBANON WARD 5 DIST 1,608,108,211,319,112,39,151,3,4,7,0,2,2,479
MT LEBANON WARD 5 DIST 2,467,70,135,205,67,26,93,1,3,4,0,0,0,302
MT LEBANON WARD 5 DIST 3,617,98,232,330,111,27,138,3,1,4,1,0,1,473
MT LEBANON WARD 5 DIST 4,612,102,227,329,134,30,164,1,2,3,1,0,1,497
MT LEBANON WARD 5 DIST 5,644,109,263,372,104,39,143,4,3,7,0,0,0,522
MT LEBANON WARD 5 DIST 6,487,84,182,266,89,33,122,2,1,3,0,1,1,392
MT LEBANON WARD 5 DIST 7,795,152,303,455,128,50,178,8,1,9,0,0,0,642
MT LEBANON WARD 5 DIST 8,985,155,358,513,156,43,199,6,3,9,1,2,3,724
MT OLIVER DIST 1,722,154,113,267,69,21,90,4,2,6,2,1,3,366
MT OLIVER DIST 2,746,176,122,298,90,19,109,3,1,4,0,1,1,412
MT OLIVER DIST 3,493,95,83,178,80,25,105,4,0,4,0,1,1,288
MT OLIVER DIST 4,318,54,68,122,59,13,72,1,0,1,1,0,1,196
MUNHALL DIST 1,476,59,99,158,101,22,123,1,1,2,0,0,0,283
MUNHALL DIST 2,508,109,116,225,46,21,67,2,0,2,1,0,1,295
MUNHALL DIST 3,500,144,88,232,47,15,62,3,1,4,2,0,2,300
MUNHALL DIST 4,439,124,94,218,52,30,82,1,2,3,0,3,3,306
MUNHALL DIST 5,739,122,190,312,205,46,251,5,2,7,1,2,3,573
MUNHALL DIST 6,729,126,162,288,206,35,241,5,3,8,2,3,5,542
MUNHALL DIST 7,1186,160,323,483,296,78,374,8,5,13,2,0,2,872
MUNHALL DIST 8,660,90,172,262,213,54,267,7,0,7,1,1,2,538
MUNHALL DIST 9,734,144,154,298,194,30,224,6,1,7,0,0,0,529
MUNHALL DIST 10,536,93,113,206,160,21,181,3,0,3,0,0,0,390
MUNHALL DIST 11,950,119,289,408,282,64,346,6,5,11,0,1,1,766
MUNHALL DIST 12,549,94,123,217,192,46,238,1,1,2,1,1,2,459
NEVILLE WARD 1,268,37,32,69,104,11,115,1,2,3,1,0,1,188
NEVILLE WARD 2,231,38,35,73,53,12,65,1,1,2,0,0,0,140
NEVILLE WARD 3,265,65,53,118,80,15,95,3,0,3,0,0,0,216
N BRADDOCK WARD 1 DIST 1,219,36,68,104,37,19,56,5,0,5,0,1,1,166
N BRADDOCK WARD 1 DIST 2,509,103,99,202,84,35,119,2,3,5,0,1,1,327
N BRADDOCK WARD 1 DIST 3,531,127,96,223,56,17,73,2,1,3,1,1,2,301
N BRADDOCK WARD 2 DIST 1,437,101,78,179,39,10,49,1,2,3,1,0,1,232
N BRADDOCK WARD 2 DIST 2,591,144,138,282,65,15,80,1,1,2,1,0,1,365
N BRADDOCK WARD 3 DIST 1,413,123,102,225,10,2,12,1,1,2,0,1,1,240
N BRADDOCK WARD 3 DIST 2,496,139,85,224,19,18,37,1,0,1,0,1,1,263
N FAYETTE DIST 1,2176,188,464,652,845,192,1037,10,7,17,2,1,3,1709
N FAYETTE DIST 2,2543,298,552,850,700,190,890,22,8,30,4,3,7,1777
N FAYETTE DIST 3,2436,255,601,856,703,208,911,4,7,11,1,5,6,1784
N FAYETTE DIST 4,1128,107,184,291,365,83,448,6,2,8,3,0,3,750
N FAYETTE DIST 5,2829,305,602,907,940,267,1207,14,7,21,3,1,4,2139
N VERSAILLES WARD 1 DIST 1,671,112,134,246,204,42,246,3,3,6,0,3,3,501
N VERSAILLES WARD 1 DIST 2,650,96,149,245,218,33,251,2,0,2,1,1,2,500
N VERSAILLES WARD 2 DIST 1,669,104,132,236,204,38,242,3,0,3,1,1,2,483
N VERSAILLES WARD 2 DIST 2,197,33,41,74,55,7,62,0,0,0,1,0,1,137
N VERSAILLES WARD 3 DIST 1,506,75,112,187,156,34,190,3,2,5,1,0,1,383
N VERSAILLES WARD 3 DIST 2,624,79,147,226,130,63,193,3,1,4,1,0,1,424
N VERSAILLES WARD 4 DIST 1,507,87,75,162,160,18,178,1,0,1,0,0,0,341
N VERSAILLES WARD 4 DIST 2,402,61,70,131,133,21,154,8,2,10,2,0,2,297
N VERSAILLES WARD 5 DIST 1,571,90,104,194,103,24,127,2,0,2,3,0,3,326
N VERSAILLES WARD 5 DIST 2,400,64,70,134,74,29,103,1,0,1,0,1,1,239
N VERSAILLES WARD 6 DIST 1,648,77,133,210,235,38,273,5,3,8,0,2,2,493
N VERSAILLES WARD 6 DIST 2,562,83,118,201,189,38,227,6,1,7,0,0,0,435
N VERSAILLES WARD 7,676,170,139,309,54,31,85,4,1,5,0,0,0,399
OAKDALE DIST 1,612,118,85,203,246,26,272,7,1,8,0,0,0,483
OAKDALE DIST 2,451,69,86,155,171,32,203,3,0,3,1,0,1,362
OAKMONT DIST 1,858,143,251,394,247,45,292,10,3,13,1,1,2,701
OAKMONT DIST 2,1094,148,296,444,271,99,370,1,2,3,3,3,6,823
OAKMONT DIST 3,770,170,169,339,221,32,253,4,1,5,1,0,1,598
OAKMONT DIST 4,898,174,216,390,230,60,290,8,3,11,1,0,1,692
OAKMONT DIST 5,712,135,180,315,161,44,205,3,2,5,2,2,4,529
OAKMONT DIST 6,1266,156,381,537,338,103,441,6,3,9,0,1,1,988
OHARA WARD 1 DIST 1,1075,112,372,484,190,92,282,3,2,5,2,0,2,773
OHARA WARD 1 DIST 2,652,87,224,311,151,49,200,4,4,8,0,0,0,519
OHARA WARD 2 DIST 1,626,114,208,322,146,32,178,3,4,7,0,0,0,507
OHARA WARD 2 DIST 2,937,114,284,398,241,63,304,4,3,7,1,3,4,713
OHARA WARD 3 DIST 1,669,128,191,319,185,39,224,4,1,5,1,0,1,549
OHARA WARD 3 DIST 2,597,82,143,225,189,43,232,6,0,6,1,0,1,464
OHARA WARD 4 DIST 1,582,68,223,291,77,56,133,1,2,3,1,0,1,428
OHARA WARD 4 DIST 2,789,135,324,459,154,36,190,2,2,4,0,1,1,654
OHARA WARD 5 DIST 1,755,127,229,356,159,56,215,5,7,12,1,1,2,585
OHARA WARD 5 DIST 2,893,126,348,474,166,57,223,6,1,7,1,3,4,708
OHIO DIST 1,1446,206,379,585,436,136,572,2,5,7,1,2,3,1167
OHIO DIST 2,1815,150,600,750,543,224,767,4,12,16,1,3,4,1537
OHIO DIST 3,2130,309,610,919,531,176,707,17,12,29,3,1,4,1659
GLEN OSBORNE,462,107,105,212,118,28,146,3,2,5,0,0,0,363
PENN HILLS WARD 1 DIST 1,745,122,295,417,9,2,11,3,6,9,0,0,0,437
PENN HILLS WARD 1 DIST 2,737,173,293,466,24,18,42,0,0,0,2,1,3,511
PENN HILLS WARD 1 DIST 3,498,114,149,263,7,5,12,1,0,1,1,0,1,277
PENN HILLS WARD 1 DIST 4,328,62,111,173,7,2,9,0,1,1,0,0,0,183
PENN HILLS WARD 1 DIST 5,207,55,62,117,0,2,2,1,1,2,0,0,0,121
PENN HILLS WARD 2 DIST 1,718,140,251,391,32,16,48,2,0,2,1,0,1,442
PENN HILLS WARD 2 DIST 2,743,180,228,408,30,12,42,0,1,1,2,0,2,453
PENN HILLS WARD 2 DIST 3,856,203,274,477,69,40,109,2,4,6,0,1,1,593
PENN HILLS WARD 2 DIST 4,594,106,273,379,42,23,65,6,3,9,4,3,7,460
PENN HILLS WARD 3 DIST 1,758,108,257,365,128,51,179,6,1,7,2,1,3,554
PENN HILLS WARD 3 DIST 2,518,106,181,287,52,21,73,0,1,1,2,1,3,364
PENN HILLS WARD 3 DIST 3,656,106,269,375,53,28,81,2,0,2,2,1,3,461
PENN HILLS WARD 3 DIST 4,835,156,267,423,88,43,131,4,3,7,1,2,3,564
PENN HILLS WARD 3 DIST 5,453,79,122,201,41,19,60,5,1,6,1,2,3,270
PENN HILLS WARD 3 DIST 6,492,94,133,227,74,41,115,1,5,6,0,0,0,348
PENN HILLS WARD 4 DIST 1,557,83,212,295,57,25,82,4,1,5,2,1,3,385
PENN HILLS WARD 4 DIST 2,737,134,216,350,93,34,127,2,4,6,3,0,3,486
PENN HILLS WARD 4 DIST 3,774,122,255,377,110,49,159,4,0,4,2,3,5,545
PENN HILLS WARD 4 DIST 4,598,100,196,296,74,44,118,2,3,5,3,2,5,424
PENN HILLS WARD 4 DIST 5,592,100,210,310,80,34,114,1,1,2,1,0,1,427
PENN HILLS WARD 5 DIST 1,753,141,230,371,111,30,141,2,3,5,1,3,4,521
PENN HILLS WARD 5 DIST 2,609,117,159,276,86,33,119,1,0,1,0,1,1,397
PENN HILLS WARD 5 DIST 3,696,131,225,356,103,71,174,1,1,2,0,3,3,535
PENN HILLS WARD 5 DIST 4,624,115,196,311,124,51,175,3,1,4,0,2,2,492
PENN HILLS WARD 5 DIST 5,524,91,197,288,83,29,112,2,0,2,1,2,3,405
PENN HILLS WARD 5 DIST 6,713,111,218,329,108,63,171,4,5,9,0,0,0,509
PENN HILLS WARD 6 DIST 1,590,99,136,235,117,40,157,5,1,6,0,0,0,398
PENN HILLS WARD 6 DIST 2,662,145,175,320,80,39,119,3,2,5,1,2,3,447
PENN HILLS WARD 6 DIST 3,547,92,191,283,75,27,102,5,3,8,2,0,2,395
PENN HILLS WARD 6 DIST 4,591,143,176,319,38,13,51,2,0,2,2,0,2,374
PENN HILLS WARD 6 DIST 5,624,131,200,331,63,28,91,3,1,4,2,2,4,430
PENN HILLS WARD 6 DIST 6,579,101,184,285,88,38,126,1,6,7,0,0,0,418
PENN HILLS WARD 7 DIST 1,655,129,246,375,75,20,95,1,1,2,0,1,1,473
PENN HILLS WARD 7 DIST 2,668,83,176,259,123,55,178,2,0,2,2,0,2,441
PENN HILLS WARD 7 DIST 3,917,155,307,462,115,58,173,6,2,8,2,0,2,645
PENN HILLS WARD 7 DIST 4,628,86,174,260,151,48,199,5,1,6,0,1,1,466
PENN HILLS WARD 7 DIST 5,725,128,231,359,113,48,161,5,3,8,1,3,4,532
PENN HILLS WARD 7 DIST 6,742,142,216,358,118,31,149,8,1,9,2,1,3,519
PENN HILLS WARD 7 DIST 7,709,92,143,235,181,53,234,2,2,4,1,2,3,476
PENN HILLS WARD 8 DIST 1,659,83,192,275,157,76,233,1,2,3,1,0,1,512
PENN HILLS WARD 8 DIST 2,560,82,127,209,171,41,212,5,1,6,0,0,0,427
PENN HILLS WARD 8 DIST 3,536,66,148,214,148,49,197,4,0,4,2,0,2,417
PENN HILLS WARD 8 DIST 4,652,77,185,262,162,69,231,4,5,9,0,0,0,502
PENN HILLS WARD 8 DIST 5,922,116,253,369,173,110,283,8,5,13,2,1,3,668
PENN HILLS WARD 8 DIST 6,478,48,148,196,126,53,179,2,2,4,1,0,1,380
PENN HILLS WARD 9 DIST 1,513,72,149,221,136,55,191,1,4,5,1,0,1,418
PENN HILLS WARD 9 DIST 2,585,80,170,250,132,47,179,2,2,4,0,0,0,433
PENN HILLS WARD 9 DIST 3,854,106,237,343,205,69,274,3,7,10,4,1,5,632
PENN HILLS WARD 9 DIST 4,606,98,162,260,162,51,213,4,2,6,0,0,0,479
PENN HILLS WARD 9 DIST 5,296,58,116,174,13,5,18,0,0,0,0,0,0,192
PINE DIST 1,1446,156,368,524,402,173,575,4,6,10,1,2,3,1112
PINE DIST 2,2044,158,517,675,642,237,879,8,9,17,2,4,6,1577
PINE DIST 3,464,43,113,156,156,40,196,2,1,3,1,0,1,356
PINE DIST 4,1407,173,344,517,398,180,578,11,2,13,2,2,4,1112
PINE DIST 5,1971,205,512,717,549,180,729,8,4,12,2,1,3,1461
PINE DIST 6,831,87,205,292,273,81,354,3,3,6,2,3,5,657
PINE DIST 7,1478,178,368,546,450,120,570,10,6,16,0,3,3,1135
PINE DIST 8,1138,114,248,362,377,115,492,7,3,10,1,2,3,867
PITCAIRN DIST 1,894,166,123,289,187,34,221,5,3,8,1,1,2,520
PITCAIRN DIST 2,466,91,43,134,93,14,107,2,2,4,0,0,0,245
PITCAIRN DIST 3,645,113,85,198,235,37,272,8,1,9,0,1,1,480
PITTSBURGH WARD 1 DIST 1,2993,222,465,687,121,59,180,8,3,11,3,1,4,882
PITTSBURGH WARD 1 DIST 2,658,83,172,255,26,10,36,1,0,1,0,3,3,295
PITTSBURGH WARD 2 DIST 1,2162,292,745,1037,286,119,405,6,10,16,2,4,6,1464
PITTSBURGH WARD 2 DIST 2,1591,176,557,733,168,89,257,6,8,14,1,3,4,1008
PITTSBURGH WARD 3 DIST 1,259,56,85,141,1,1,2,0,1,1,0,0,0,144
PITTSBURGH WARD 3 DIST 2,665,188,251,439,11,5,16,1,0,1,1,0,1,457
PITTSBURGH WARD 3 DIST 3,355,104,107,211,6,1,7,0,0,0,1,1,2,220
PITTSBURGH WARD 3 DIST 4,493,78,139,217,24,10,34,0,1,1,0,0,0,252
PITTSBURGH WARD 3 DIST 5,490,89,141,230,21,8,29,3,1,4,0,0,0,263
PITTSBURGH WARD 4 DIST 1,261,35,40,75,3,1,4,0,0,0,1,1,2,81
PITTSBURGH WARD 4 DIST 2,748,143,160,303,27,20,47,2,0,2,0,3,3,355
PITTSBURGH WARD 4 DIST 3,354,96,81,177,4,3,7,0,0,0,0,0,0,184
PITTSBURGH WARD 4 DIST 4,229,58,55,113,9,1,10,1,0,1,0,0,0,124
PITTSBURGH WARD 4 DIST 5,916,209,142,351,41,5,46,2,0,2,2,1,3,402
PITTSBURGH WARD 4 DIST 6,759,138,125,263,31,9,40,3,1,4,1,0,1,308
PITTSBURGH WARD 4 DIST 7,2217,441,343,784,98,27,125,3,0,3,5,2,7,919
PITTSBURGH WARD 4 DIST 8,2409,380,247,627,74,16,90,6,4,10,7,0,7,734
PITTSBURGH WARD 4 DIST 9,884,170,288,458,44,26,70,0,0,0,2,1,3,531
PITTSBURGH WARD 4 DIST 10,609,94,172,266,20,12,32,2,0,2,0,1,1,301
PITTSBURGH WARD 4 DIST 11,567,63,268,331,37,29,66,0,2,2,0,0,0,399
PITTSBURGH WARD 4 DIST 12,663,62,211,273,25,14,39,0,0,0,4,2,6,318
PITTSBURGH WARD 4 DIST 13,646,89,139,228,32,5,37,3,1,4,0,1,1,270
PITTSBURGH WARD 4 DIST 14,1403,291,232,523,49,9,58,4,4,8,1,0,1,590
PITTSBURGH WARD 4 DIST 15,1023,200,215,415,39,8,47,3,0,3,2,2,4,469
PITTSBURGH WARD 4 DIST 16,1479,324,288,612,74,12,86,6,5,11,3,2,5,714
PITTSBURGH WARD 4 DIST 17,630,174,159,333,36,15,51,2,4,6,2,0,2,392
PITTSBURGH WARD 4 DIST 18,703,165,158,323,37,14,51,2,2,4,3,1,4,382
PITTSBURGH WARD 4 DIST 19,295,54,48,102,10,3,13,0,1,1,0,0,0,116
PITTSBURGH WARD 5 DIST 1,268,79,70,149,3,2,5,0,0,0,1,0,1,155
PITTSBURGH WARD 5 DIST 2,374,95,118,213,3,1,4,0,0,0,0,0,0,217
PITTSBURGH WARD 5 DIST 3,149,43,43,86,0,1,1,0,0,0,0,0,0,87
PITTSBURGH WARD 5 DIST 4,283,65,62,127,4,0,4,0,0,0,0,0,0,131
PITTSBURGH WARD 5 DIST 5,214,41,73,114,2,3,5,0,0,0,0,1,1,120
PITTSBURGH WARD 5 DIST 6,548,110,86,196,2,3,5,1,0,1,0,0,0,202
PITTSBURGH WARD 5 DIST 7,409,89,121,210,4,4,8,2,0,2,0,0,0,220
PITTSBURGH WARD 5 DIST 8,441,96,140,236,13,2,15,1,0,1,0,1,1,253
PITTSBURGH WARD 5 DIST 9,1124,180,339,519,43,30,73,3,2,5,2,3,5,602
PITTSBURGH WARD 5 DIST 10,464,132,125,257,10,6,16,1,1,2,1,1,2,277
PITTSBURGH WARD 5 DIST 11,361,84,102,186,3,6,9,3,0,3,0,0,0,198
PITTSBURGH WARD 5 DIST 12,367,120,100,220,4,2,6,0,0,0,0,0,0,226
PITTSBURGH WARD 5 DIST 13,259,67,72,139,3,0,3,3,0,3,0,0,0,145
PITTSBURGH WARD 5 DIST 14,265,44,96,140,2,2,4,0,0,0,2,0,2,146
PITTSBURGH WARD 5 DIST 15,250,63,53,116,2,0,2,0,1,1,0,0,0,119
PITTSBURGH WARD 5 DIST 16,186,42,41,83,2,2,4,1,0,1,0,0,0,88
PITTSBURGH WARD 5 DIST 17,249,58,73,131,4,1,5,0,1,1,1,0,1,138
PITTSBURGH WARD 5 DIST 18,65,15,21,36,3,1,4,0,0,0,0,0,0,40
PITTSBURGH WARD 6 DIST 1,1127,191,442,633,93,39,132,11,4,15,0,3,3,783
PITTSBURGH WARD 6 DIST 2,621,117,223,340,56,17,73,2,1,3,0,2,2,418
PITTSBURGH WARD 6 DIST 3,782,139,290,429,50,27,77,6,2,8,0,1,1,515
PITTSBURGH WARD 6 DIST 4,563,113,188,301,69,22,91,2,1,3,0,2,2,397
PITTSBURGH WARD 6 DIST 5,501,105,184,289,40,10,50,2,1,3,4,0,4,346
PITTSBURGH WARD 7 DIST 1,655,97,192,289,52,21,73,0,0,0,2,0,2,364
PITTSBURGH WARD 7 DIST 2,1073,160,405,565,104,40,144,2,0,2,0,0,0,711
PITTSBURGH WARD 7 DIST 3,771,120,288,408,23,19,42,2,3,5,1,0,1,456
PITTSBURGH WARD 7 DIST 4,1201,190,388,578,77,27,104,2,1,3,1,6,7,692
PITTSBURGH WARD 7 DIST 5,823,145,233,378,44,21,65,5,3,8,1,0,1,452
PITTSBURGH WARD 7 DIST 6,741,140,249,389,37,28,65,1,3,4,0,2,2,460
PITTSBURGH WARD 7 DIST 7,787,110,255,365,57,18,75,4,2,6,3,1,4,450
PITTSBURGH WARD 7 DIST 8,773,133,228,361,46,19,65,2,5,7,0,3,3,436
PITTSBURGH WARD 7 DIST 9,853,143,309,452,50,19,69,1,6,7,0,1,1,529
PITTSBURGH WARD 7 DIST 10,1120,186,407,593,66,24,90,2,3,5,2,2,4,692
PITTSBURGH WARD 7 DIST 11,1246,180,453,633,66,37,103,1,5,6,3,2,5,747
PITTSBURGH WARD 7 DIST 12,1179,169,468,637,61,29,90,4,2,6,2,3,5,738
PITTSBURGH WARD 7 DIST 13,558,81,149,230,22,11,33,3,0,3,2,2,4,270
PITTSBURGH WARD 7 DIST 14,465,59,158,217,39,26,65,3,0,3,1,0,1,286
PITTSBURGH WARD 8 DIST 1,376,65,148,213,43,11,54,3,0,3,1,0,1,271
PITTSBURGH WARD 8 DIST 2,637,125,232,357,80,17,97,5,1,6,0,0,0,460
PITTSBURGH WARD 8 DIST 3,880,170,263,433,89,20,109,6,0,6,4,4,8,556
PITTSBURGH WARD 8 DIST 4,870,149,286,435,73,23,96,5,1,6,2,1,3,540
PITTSBURGH WARD 8 DIST 5,642,136,235,371,65,16,81,0,2,2,2,2,4,458
PITTSBURGH WARD 8 DIST 6,445,87,146,233,42,11,53,6,2,8,1,1,2,296
PITTSBURGH WARD 8 DIST 7,868,164,331,495,35,13,48,4,1,5,2,4,6,554
PITTSBURGH WARD 8 DIST 8,685,138,266,404,42,12,54,4,0,4,0,2,2,464
PITTSBURGH WARD 8 DIST 9,877,148,307,455,40,14,54,4,5,9,0,5,5,523
PITTSBURGH WARD 8 DIST 10,678,136,264,400,26,17,43,1,0,1,2,0,2,446
PITTSBURGH WARD 8 DIST 11,723,124,250,374,37,15,52,4,3,7,1,0,1,434
PITTSBURGH WARD 8 DIST 12,626,147,218,365,25,8,33,0,0,0,1,1,2,400
PITTSBURGH WARD 8 DIST 13,556,98,186,284,13,5,18,3,1,4,1,0,1,307
PITTSBURGH WARD 9 DIST 1,615,117,217,334,52,20,72,0,0,0,2,2,4,410
PITTSBURGH WARD 9 DIST 2,594,102,208,310,56,22,78,3,4,7,3,1,4,399
PITTSBURGH WARD 9 DIST 3,655,126,245,371,64,12,76,4,1,5,0,0,0,452
PITTSBURGH WARD 9 DIST 4,652,148,229,377,39,15,54,5,4,9,2,0,2,442
PITTSBURGH WARD 9 DIST 5,668,107,237,344,73,26,99,3,3,6,2,0,2,451
PITTSBURGH WARD 9 DIST 6,585,127,212,339,49,26,75,4,2,6,2,0,2,422
PITTSBURGH WARD 9 DIST 7,441,62,193,255,39,10,49,3,1,4,1,1,2,310
PITTSBURGH WARD 9 DIST 8,737,152,273,425,76,20,96,3,2,5,3,3,6,532
PITTSBURGH WARD 9 DIST 9,651,108,220,328,49,24,73,3,1,4,0,4,4,409
PITTSBURGH WARD 10 DIST 1,640,115,235,350,46,26,72,2,1,3,2,1,3,428
PITTSBURGH WARD 10 DIST 2,637,135,224,359,65,11,76,6,3,9,1,2,3,447
PITTSBURGH WARD 10 DIST 3,722,159,240,399,64,18,82,4,1,5,3,3,6,492
PITTSBURGH WARD 10 DIST 4,543,115,207,322,85,17,102,2,2,4,0,0,0,428
PITTSBURGH WARD 10 DIST 5,511,111,187,298,63,16,79,8,2,10,0,0,0,387
PITTSBURGH WARD 10 DIST 6,506,105,142,247,85,26,111,7,0,7,0,2,2,367
PITTSBURGH WARD 10 DIST 7,632,127,233,360,87,31,118,1,1,2,2,0,2,482
PITTSBURGH WARD 10 DIST 8,611,120,210,330,100,34,134,1,2,3,0,2,2,469
PITTSBURGH WARD 10 DIST 9,548,126,176,302,101,27,128,0,0,0,1,1,2,432
PITTSBURGH WARD 10 DIST 10,600,119,254,373,85,28,113,2,3,5,1,1,2,493
PITTSBURGH WARD 10 DIST 11,645,121,255,376,91,19,110,2,2,4,1,2,3,493
PITTSBURGH WARD 10 DIST 12,565,131,223,354,17,14,31,1,1,2,3,1,4,391
PITTSBURGH WARD 10 DIST 13,567,152,207,359,44,18,62,2,1,3,3,0,3,427
PITTSBURGH WARD 10 DIST 14,570,156,228,384,34,4,38,3,0,3,2,0,2,427
PITTSBURGH WARD 10 DIST 15,381,96,121,217,8,5,13,0,0,0,0,1,1,231
PITTSBURGH WARD 10 DIST 16,328,85,79,164,3,3,6,0,0,0,1,0,1,171
PITTSBURGH WARD 10 DIST 17,469,116,156,272,16,6,22,2,0,2,1,1,2,298
PITTSBURGH WARD 10 DIST 18,536,141,180,321,18,3,21,3,1,4,1,1,2,348
PITTSBURGH WARD 10 DIST 19,463,146,139,285,8,2,10,1,1,2,0,0,0,297
PITTSBURGH WARD 11 DIST 1,637,130,253,383,28,15,43,1,0,1,1,3,4,431
PITTSBURGH WARD 11 DIST 2,577,108,220,328,16,4,20,1,0,1,2,1,3,352
PITTSBURGH WARD 11 DIST 3,439,91,158,249,6,4,10,0,0,0,0,0,0,259
PITTSBURGH WARD 11 DIST 4,512,95,182,277,11,5,16,1,0,1,1,1,2,296
PITTSBURGH WARD 11 DIST 5,577,139,177,316,20,8,28,0,2,2,1,2,3,349
PITTSBURGH WARD 11 DIST 6,873,178,336,514,31,16,47,4,2,6,2,7,9,576
PITTSBURGH WARD 11 DIST 7,675,95,323,418,46,20,66,1,3,4,3,0,3,491
PITTSBURGH WARD 11 DIST 8,544,94,207,301,32,12,44,2,2,4,1,0,1,350
PITTSBURGH WARD 11 DIST 9,670,147,285,432,27,22,49,0,1,1,0,2,2,484
PITTSBURGH WARD 11 DIST 10,561,99,266,365,47,12,59,1,1,2,1,0,1,427
PITTSBURGH WARD 11 DIST 11,668,107,287,394,34,9,43,1,0,1,1,3,4,442
PITTSBURGH WARD 11 DIST 12,712,137,318,455,33,17,50,2,1,3,1,1,2,510
PITTSBURGH WARD 11 DIST 13,715,149,314,463,29,17,46,0,2,2,1,1,2,513
PITTSBURGH WARD 11 DIST 14,627,153,188,341,10,6,16,0,1,1,1,1,2,360
PITTSBURGH WARD 11 DIST 15,370,73,76,149,5,1,6,1,1,2,0,0,0,157
PITTSBURGH WARD 11 DIST 16,602,106,225,331,26,9,35,8,1,9,1,2,3,378
PITTSBURGH WARD 11 DIST 17,707,172,239,411,17,6,23,3,1,4,2,1,3,441
PITTSBURGH WARD 11 DIST 18,522,110,171,281,13,4,17,3,0,3,0,1,1,302
PITTSBURGH WARD 12 DIST 1,226,53,44,97,4,1,5,0,0,0,0,0,0,102
PITTSBURGH WARD 12 DIST 2,299,104,50,154,4,0,4,0,0,0,0,1,1,159
PITTSBURGH WARD 12 DIST 3,159,54,26,80,1,0,1,2,1,3,0,0,0,84
PITTSBURGH WARD 12 DIST 4,324,99,67,166,6,3,9,0,2,2,0,0,0,177
PITTSBURGH WARD 12 DIST 5,143,43,27,70,6,1,7,0,0,0,1,0,1,78
PITTSBURGH WARD 12 DIST 6,215,63,35,98,3,3,6,1,0,1,0,0,0,105
PITTSBURGH WARD 12 DIST 7,319,88,68,156,3,5,8,0,0,0,0,0,0,164
PITTSBURGH WARD 12 DIST 8,200,70,30,100,3,1,4,0,0,0,0,0,0,104
PITTSBURGH WARD 12 DIST 9,303,58,81,139,3,1,4,0,0,0,0,0,0,143
PITTSBURGH WARD 12 DIST 10,423,120,123,243,5,5,10,1,2,3,0,0,0,256
PITTSBURGH WARD 12 DIST 11,456,116,126,242,3,2,5,2,1,3,0,2,2,252
PITTSBURGH WARD 12 DIST 12,627,102,156,258,8,14,22,1,0,1,0,1,1,282
PITTSBURGH WARD 12 DIST 13,399,108,115,223,3,3,6,1,0,1,0,0,0,230
PITTSBURGH WARD 12 DIST 14,319,93,75,168,6,3,9,0,0,0,0,0,0,177
PITTSBURGH WARD 12 DIST 15,560,162,178,340,5,3,8,1,0,1,2,0,2,351
PITTSBURGH WARD 12 DIST 16,382,77,124,201,3,3,6,0,0,0,3,2,5,212
PITTSBURGH WARD 13 DIST 1,321,94,82,176,2,1,3,2,1,3,0,1,1,183
PITTSBURGH WARD 13 DIST 2,364,103,61,164,9,4,13,1,0,1,0,0,0,178
PITTSBURGH WARD 13 DIST 3,309,96,67,163,4,0,4,0,1,1,1,0,1,169
PITTSBURGH WARD 13 DIST 4,303,77,68,145,0,2,2,1,0,1,0,0,0,148
PITTSBURGH WARD 13 DIST 5,316,76,78,154,8,0,8,2,0,2,0,0,0,164
PITTSBURGH WARD 13 DIST 6,365,111,63,174,2,1,3,2,0,2,0,0,0,179
PITTSBURGH WARD 13 DIST 7,372,98,62,160,5,2,7,2,0,2,1,1,2,171
PITTSBURGH WARD 13 DIST 8,298,76,75,151,4,0,4,1,0,1,1,0,1,157
PITTSBURGH WARD 13 DIST 9,284,68,66,134,5,1,6,0,0,0,0,0,0,140
PITTSBURGH WARD 13 DIST 10,179,50,31,81,5,2,7,1,1,2,2,0,2,92
PITTSBURGH WARD 13 DIST 11,395,112,54,166,6,1,7,1,1,2,0,1,1,176
PITTSBURGH WARD 13 DIST 12,386,114,98,212,1,4,5,0,0,0,0,0,0,217
PITTSBURGH WARD 13 DIST 13,264,71,42,113,2,0,2,0,0,0,0,0,0,115
PITTSBURGH WARD 13 DIST 14,263,66,49,115,5,1,6,0,0,0,0,0,0,121
PITTSBURGH WARD 13 DIST 15,300,90,59,149,5,2,7,2,0,2,1,0,1,159
PITTSBURGH WARD 13 DIST 16,291,70,68,138,5,3,8,1,0,1,0,0,0,147
PITTSBURGH WARD 13 DIST 17,832,218,169,387,13,4,17,1,0,1,1,0,1,406
PITTSBURGH WARD 13 DIST 18,239,66,17,83,5,1,6,0,0,0,2,0,2,91
PITTSBURGH WARD 13 DIST 19,486,140,197,337,3,3,6,0,1,1,0,0,0,344
PITTSBURGH WARD 14 DIST 1,846,119,277,396,27,11,38,0,1,1,3,2,5,440
PITTSBURGH WARD 14 DIST 2,1218,127,226,353,27,24,51,1,3,4,1,0,1,409
PITTSBURGH WARD 14 DIST 3,913,137,392,529,44,22,66,2,1,3,4,0,4,602
PITTSBURGH WARD 14 DIST 4,803,82,401,483,45,19,64,1,1,2,1,0,1,550
PITTSBURGH WARD 14 DIST 5,835,118,390,508,44,27,71,2,3,5,1,0,1,585
PITTSBURGH WARD 14 DIST 6,596,93,174,267,38,25,63,3,0,3,1,1,2,335
PITTSBURGH WARD 14 DIST 7,3533,291,399,690,47,12,59,3,1,4,2,1,3,756
PITTSBURGH WARD 14 DIST 8,830,136,305,441,50,19,69,2,1,3,1,2,3,516
PITTSBURGH WARD 14 DIST 9,779,100,415,515,67,27,94,1,3,4,2,0,2,615
PITTSBURGH WARD 14 DIST 10,732,112,366,478,38,26,64,4,2,6,2,0,2,550
PITTSBURGH WARD 14 DIST 11,833,125,403,528,63,27,90,3,0,3,1,0,1,622
PITTSBURGH WARD 14 DIST 12,837,153,330,483,26,13,39,2,2,4,1,5,6,532
PITTSBURGH WARD 14 DIST 13,759,140,363,503,19,11,30,2,1,3,1,0,1,537
PITTSBURGH WARD 14 DIST 14,873,129,411,540,45,19,64,2,1,3,2,1,3,610
PITTSBURGH WARD 14 DIST 15,776,120,349,469,30,11,41,5,4,9,1,2,3,522
PITTSBURGH WARD 14 DIST 16,492,63,251,314,46,23,69,2,0,2,0,2,2,387
PITTSBURGH WARD 14 DIST 17,473,83,242,325,28,15,43,0,1,1,0,1,1,370
PITTSBURGH WARD 14 DIST 18,745,116,381,497,39,18,57,2,1,3,0,2,2,559
PITTSBURGH WARD 14 DIST 19,615,106,316,422,33,17,50,2,1,3,1,0,1,476
PITTSBURGH WARD 14 DIST 20,643,73,293,366,39,27,66,1,3,4,0,5,5,441
PITTSBURGH WARD 14 DIST 21,605,110,260,370,47,15,62,1,1,2,1,2,3,437
PITTSBURGH WARD 14 DIST 22,745,126,356,482,25,13,38,1,3,4,4,1,5,529
PITTSBURGH WARD 14 DIST 23,715,86,332,418,50,25,75,1,2,3,0,5,5,501
PITTSBURGH WARD 14 DIST 24,577,64,281,345,31,16,47,3,4,7,2,1,3,402
PITTSBURGH WARD 14 DIST 25,972,104,455,559,83,56,139,7,7,14,2,0,2,714
PITTSBURGH WARD 14 DIST 26,597,82,281,363,66,15,81,1,1,2,2,0,2,448
PITTSBURGH WARD 14 DIST 27,532,117,211,328,77,25,102,3,2,5,0,2,2,437
PITTSBURGH WARD 14 DIST 28,543,113,169,282,113,41,154,3,1,4,1,0,1,441
PITTSBURGH WARD 14 DIST 29,804,129,334,463,58,21,79,7,2,9,2,0,2,553
PITTSBURGH WARD 14 DIST 30,689,84,336,420,57,24,81,7,1,8,0,4,4,513
PITTSBURGH WARD 14 DIST 31,1194,152,551,703,111,58,169,5,6,11,2,3,5,888
PITTSBURGH WARD 14 DIST 32,791,116,295,411,40,20,60,4,0,4,2,1,3,478
PITTSBURGH WARD 14 DIST 33,845,121,267,388,97,44,141,5,2,7,1,4,5,541
PITTSBURGH WARD 14 DIST 34,902,103,267,370,103,40,143,4,3,7,3,1,4,524
PITTSBURGH WARD 14 DIST 35,611,73,253,326,24,32,56,1,3,4,0,1,1,387
PITTSBURGH WARD 14 DIST 36,821,88,301,389,38,27,65,3,1,4,1,3,4,462
PITTSBURGH WARD 14 DIST 37,639,79,228,307,53,33,86,1,1,2,0,2,2,397
PITTSBURGH WARD 14 DIST 38,586,62,275,337,36,15,51,1,3,4,3,0,3,395
PITTSBURGH WARD 14 DIST 39,653,82,274,356,38,35,73,3,1,4,1,1,2,435
PITTSBURGH WARD 14 DIST 40,598,79,232,311,46,21,67,4,1,5,2,4,6,389
PITTSBURGH WARD 14 DIST 41,79,14,26,40,14,3,17,1,0,1,0,0,0,58
PITTSBURGH WARD 15 DIST 1,619,49,243,292,44,39,83,3,0,3,1,1,2,380
PITTSBURGH WARD 15 DIST 2,748,127,268,395,72,11,83,10,3,13,2,0,2,493
PITTSBURGH WARD 15 DIST 3,644,100,221,321,98,25,123,6,2,8,0,0,0,452
PITTSBURGH WARD 15 DIST 4,655,101,270,371,59,34,93,2,2,4,2,0,2,470
PITTSBURGH WARD 15 DIST 5,567,92,200,292,74,21,95,4,1,5,3,0,3,395
PITTSBURGH WARD 15 DIST 6,533,68,225,293,61,30,91,2,2,4,1,2,3,391
PITTSBURGH WARD 15 DIST 7,708,125,239,364,111,42,153,6,1,7,2,0,2,526
PITTSBURGH WARD 15 DIST 8,615,115,239,354,66,36,102,8,5,13,5,1,6,475
PITTSBURGH WARD 15 DIST 9,171,41,46,87,21,7,28,0,0,0,0,1,1,116
PITTSBURGH WARD 15 DIST 10,636,99,244,343,91,27,118,5,3,8,0,1,1,470
PITTSBURGH WARD 15 DIST 11,574,117,154,271,108,21,129,3,2,5,2,1,3,408
PITTSBURGH WARD 15 DIST 12,486,72,179,251,67,36,103,1,1,2,1,2,3,359
PITTSBURGH WARD 15 DIST 13,462,89,116,205,21,7,28,1,0,1,0,0,0,234
PITTSBURGH WARD 15 DIST 14,280,65,69,134,20,9,29,0,1,1,0,1,1,165
PITTSBURGH WARD 15 DIST 15,372,81,51,132,39,6,45,2,0,2,0,0,0,179
PITTSBURGH WARD 15 DIST 16,522,124,151,275,39,18,57,4,0,4,0,0,0,336
PITTSBURGH WARD 15 DIST 17,25,7,5,12,0,1,1,0,0,0,0,0,0,13
PITTSBURGH WARD 15 DIST 18,535,123,136,259,36,20,56,0,1,1,0,0,0,316
PITTSBURGH WARD 15 DIST 19,435,85,98,183,8,11,19,2,2,4,1,0,1,207
PITTSBURGH WARD 16 DIST 1,942,151,314,465,104,26,130,1,3,4,1,2,3,602
PITTSBURGH WARD 16 DIST 2,1266,194,375,569,119,58,177,7,5,12,0,1,1,759
PITTSBURGH WARD 16 DIST 3,952,181,257,438,125,46,171,8,1,9,4,0,4,622
PITTSBURGH WARD 16 DIST 4,432,93,93,186,58,15,73,4,2,6,0,1,1,266
PITTSBURGH WARD 16 DIST 5,635,95,199,294,110,28,138,2,6,8,1,1,2,442
PITTSBURGH WARD 16 DIST 6,526,90,134,224,87,24,111,4,0,4,0,2,2,341
PITTSBURGH WARD 16 DIST 7,410,83,76,159,64,20,84,1,0,1,1,1,2,246
PITTSBURGH WARD 16 DIST 8,171,29,15,44,0,1,1,0,0,0,0,1,1,46
PITTSBURGH WARD 16 DIST 9,479,114,99,213,75,20,95,7,2,9,0,0,0,317
PITTSBURGH WARD 16 DIST 10,382,66,84,150,74,30,104,3,1,4,2,0,2,260
PITTSBURGH WARD 16 DIST 11,416,85,88,173,62,16,78,0,1,1,1,0,1,253
PITTSBURGH WARD 17 DIST 1,264,41,64,105,54,8,62,1,1,2,0,1,1,170
PITTSBURGH WARD 17 DIST 2,881,179,218,397,107,23,130,5,1,6,3,1,4,537
PITTSBURGH WARD 17 DIST 3,606,125,175,300,71,23,94,4,1,5,1,1,2,401
PITTSBURGH WARD 17 DIST 4,813,168,268,436,90,32,122,5,3,8,0,0,0,566
PITTSBURGH WARD 17 DIST 5,623,131,168,299,77,16,93,5,0,5,1,1,2,399
PITTSBURGH WARD 17 DIST 6,444,82,88,170,72,16,88,4,1,5,1,0,1,264
PITTSBURGH WARD 17 DIST 7,400,75,108,183,55,15,70,5,1,6,0,1,1,260
PITTSBURGH WARD 17 DIST 8,439,93,116,209,55,10,65,6,2,8,0,3,3,285
PITTSBURGH WARD 18 DIST 1,575,96,149,245,153,33,186,5,1,6,2,1,3,440
PITTSBURGH WARD 18 DIST 2,414,100,101,201,10,5,15,1,0,1,0,0,0,217
PITTSBURGH WARD 18 DIST 3,365,99,113,212,0,1,1,1,0,1,0,0,0,214
PITTSBURGH WARD 18 DIST 4,435,130,96,226,18,3,21,0,0,0,0,0,0,247
PITTSBURGH WARD 18 DIST 5,950,150,304,454,131,53,184,5,2,7,1,0,1,646
PITTSBURGH WARD 18 DIST 6,376,110,72,182,18,8,26,2,0,2,0,0,0,210
PITTSBURGH WARD 18 DIST 7,469,95,114,209,57,25,82,4,2,6,1,0,1,298
PITTSBURGH WARD 18 DIST 8,266,67,51,118,12,7,19,1,0,1,1,0,1,139
PITTSBURGH WARD 18 DIST 9,687,122,136,258,64,16,80,8,3,11,0,2,2,351
PITTSBURGH WARD 18 DIST 10,65,7,21,28,15,1,16,0,0,0,0,0,0,44
PITTSBURGH WARD 18 DIST 11,566,107,118,225,54,23,77,9,2,11,0,1,1,314
PITTSBURGH WARD 19 DIST 1,543,62,188,250,121,48,169,1,1,2,0,0,0,421
PITTSBURGH WARD 19 DIST 2,712,86,181,267,136,52,188,4,1,5,1,2,3,463
PITTSBURGH WARD 19 DIST 3,563,0,165,165,0,37,37,0,1,1,0,0,0,203
PITTSBURGH WARD 19 DIST 4,411,59,135,194,79,17,96,3,3,6,0,0,0,296
PITTSBURGH WARD 19 DIST 5,465,89,118,207,91,30,121,2,4,6,0,1,1,335
PITTSBURGH WARD 19 DIST 6,553,110,168,278,89,34,123,3,2,5,1,0,1,407
PITTSBURGH WARD 19 DIST 7,225,33,59,92,36,11,47,3,1,4,1,1,2,145
PITTSBURGH WARD 19 DIST 8,576,106,138,244,102,24,126,10,1,11,0,0,0,381
PITTSBURGH WARD 19 DIST 9,570,101,157,258,81,23,104,1,2,3,0,2,2,367
PITTSBURGH WARD 19 DIST 10,696,82,181,263,113,32,145,3,5,8,1,0,1,417
PITTSBURGH WARD 19 DIST 11,523,57,139,196,71,21,92,7,5,12,0,0,0,300
PITTSBURGH WARD 19 DIST 12,429,60,133,193,100,46,146,5,3,8,0,0,0,347
PITTSBURGH WARD 19 DIST 13,491,93,115,208,70,12,82,2,1,3,0,0,0,293
PITTSBURGH WARD 19 DIST 14,565,97,162,259,68,26,94,5,1,6,1,0,1,360
PITTSBURGH WARD 19 DIST 15,639,118,192,310,104,15,119,7,2,9,1,3,4,442
PITTSBURGH WARD 19 DIST 16,604,134,201,335,72,16,88,1,4,5,0,2,2,430
PITTSBURGH WARD 19 DIST 17,553,109,177,286,98,22,120,4,2,6,2,0,2,414
PITTSBURGH WARD 19 DIST 18,456,100,116,216,49,13,62,3,0,3,0,0,0,281
PITTSBURGH WARD 19 DIST 19,532,90,154,244,81,26,107,7,3,10,1,0,1,362
PITTSBURGH WARD 19 DIST 20,514,80,148,228,112,34,146,2,0,2,2,0,2,378
PITTSBURGH WARD 19 DIST 21,673,121,198,319,96,32,128,5,1,6,1,2,3,456
PITTSBURGH WARD 19 DIST 22,558,120,165,285,90,38,128,4,3,7,1,2,3,423
PITTSBURGH WARD 19 DIST 23,592,101,156,257,132,22,154,5,1,6,1,0,1,418
PITTSBURGH WARD 19 DIST 24,475,67,156,223,83,26,109,3,1,4,0,0,0,336
PITTSBURGH WARD 19 DIST 25,540,84,177,261,104,38,142,3,2,5,0,0,0,408
PITTSBURGH WARD 19 DIST 26,481,91,129,220,80,24,104,0,3,3,1,2,3,330
PITTSBURGH WARD 19 DIST 27,474,67,126,193,88,42,130,1,0,1,2,0,2,326
PITTSBURGH WARD 19 DIST 28,627,97,274,371,92,43,135,5,2,7,0,0,0,513
PITTSBURGH WARD 19 DIST 29,499,92,142,234,111,35,146,2,0,2,1,3,4,386
PITTSBURGH WARD 19 DIST 30,532,81,183,264,114,33,147,2,2,4,0,1,1,416
PITTSBURGH WARD 19 DIST 31,491,72,150,222,126,28,154,1,0,1,1,0,1,378
PITTSBURGH WARD 19 DIST 32,535,108,157,265,97,31,128,2,3,5,0,0,0,398
PITTSBURGH WARD 19 DIST 33,465,70,123,193,120,40,160,1,2,3,2,2,4,360
PITTSBURGH WARD 19 DIST 34,540,78,186,264,96,30,126,4,2,6,1,2,3,399
PITTSBURGH WARD 19 DIST 35,545,103,154,257,115,18,133,4,7,11,0,0,0,401
PITTSBURGH WARD 19 DIST 36,682,90,223,313,133,49,182,2,0,2,3,1,4,501
PITTSBURGH WARD 19 DIST 37,449,70,140,210,109,16,125,7,2,9,1,0,1,345
PITTSBURGH WARD 19 DIST 38,575,80,179,259,104,29,133,3,0,3,2,4,6,401
PITTSBURGH WARD 20 DIST 1,614,74,171,245,165,47,212,1,3,4,0,1,1,462
PITTSBURGH WARD 20 DIST 2,234,35,55,90,56,14,70,2,0,2,0,1,1,163
PITTSBURGH WARD 20 DIST 3,700,87,216,303,178,39,217,3,2,5,1,0,1,526
PITTSBURGH WARD 20 DIST 4,70,12,17,29,6,3,9,0,0,0,1,0,1,39
PITTSBURGH WARD 20 DIST 5,571,112,142,254,98,35,133,0,2,2,1,0,1,390
PITTSBURGH WARD 20 DIST 6,540,93,121,214,75,19,94,4,1,5,0,2,2,315
PITTSBURGH WARD 20 DIST 7,694,158,130,288,45,23,68,2,2,4,0,0,0,360
PITTSBURGH WARD 20 DIST 8,711,150,139,289,102,42,144,9,4,13,1,1,2,448
PITTSBURGH WARD 20 DIST 9,205,36,35,71,35,12,47,0,0,0,0,0,0,118
PITTSBURGH WARD 20 DIST 10,643,167,118,285,56,18,74,1,1,2,0,1,1,362
PITTSBURGH WARD 20 DIST 11,705,179,100,279,54,21,75,3,2,5,2,0,2,361
PITTSBURGH WARD 20 DIST 12,927,183,252,435,123,34,157,2,1,3,2,2,4,599
PITTSBURGH WARD 20 DIST 13,437,0,143,143,0,4,4,0,0,0,0,0,0,147
PITTSBURGH WARD 20 DIST 14,875,199,187,386,141,33,174,4,5,9,0,2,2,571
PITTSBURGH WARD 20 DIST 15,934,142,275,417,125,40,165,6,2,8,3,2,5,595
PITTSBURGH WARD 20 DIST 16,640,57,180,237,167,68,235,2,3,5,0,2,2,479
PITTSBURGH WARD 20 DIST 17,436,45,137,182,105,41,146,4,0,4,0,0,0,332
PITTSBURGH WARD 20 DIST 18,489,68,117,185,151,49,200,0,0,0,0,0,0,385
PITTSBURGH WARD 21 DIST 1,463,105,115,220,27,10,37,2,1,3,0,1,1,261
PITTSBURGH WARD 21 DIST 2,455,140,130,270,15,5,20,2,3,5,3,0,3,298
PITTSBURGH WARD 21 DIST 3,654,152,234,386,19,12,31,0,2,2,1,1,2,421
PITTSBURGH WARD 21 DIST 4,584,140,217,357,27,12,39,4,4,8,0,0,0,404
PITTSBURGH WARD 22 DIST 1,732,148,277,425,46,22,68,1,4,5,0,1,1,499
PITTSBURGH WARD 22 DIST 2,673,102,289,391,39,21,60,1,2,3,1,2,3,457
PITTSBURGH WARD 22 DIST 3,696,139,256,395,37,17,54,3,2,5,0,1,1,455
PITTSBURGH WARD 22 DIST 4,892,147,243,390,55,22,77,2,6,8,1,1,2,477
PITTSBURGH WARD 23 DIST 1,1257,177,424,601,101,59,160,1,4,5,0,1,1,767
PITTSBURGH WARD 23 DIST 2,794,112,280,392,61,36,97,5,3,8,4,0,4,501
PITTSBURGH WARD 23 DIST 3,419,59,114,173,38,7,45,5,0,5,0,2,2,225
PITTSBURGH WARD 24 DIST 1,432,44,138,182,75,28,103,0,2,2,1,0,1,288
PITTSBURGH WARD 24 DIST 2,430,68,126,194,75,35,110,3,0,3,1,0,1,308
PITTSBURGH WARD 24 DIST 3,349,51,72,123,52,23,75,3,2,5,0,0,0,203
PITTSBURGH WARD 24 DIST 4,594,81,207,288,95,20,115,5,3,8,2,1,3,414
PITTSBURGH WARD 24 DIST 5,515,85,139,224,62,18,80,2,1,3,2,1,3,310
PITTSBURGH WARD 24 DIST 6,538,91,153,244,86,43,129,3,1,4,1,0,1,378
PITTSBURGH WARD 25 DIST 1,459,0,173,173,0,9,9,0,1,1,0,0,0,183
PITTSBURGH WARD 25 DIST 2,422,96,127,223,20,7,27,1,1,2,1,1,2,254
PITTSBURGH WARD 25 DIST 3,559,122,185,307,21,10,31,0,2,2,1,1,2,342
PITTSBURGH WARD 25 DIST 4,308,71,70,141,8,2,10,0,0,0,1,0,1,152
PITTSBURGH WARD 25 DIST 5,369,99,103,202,22,1,23,2,1,3,2,0,2,230
PITTSBURGH WARD 25 DIST 6,365,70,71,141,15,1,16,1,0,1,0,0,0,158
PITTSBURGH WARD 25 DIST 7,401,57,133,190,59,12,71,3,1,4,0,0,0,265
PITTSBURGH WARD 26 DIST 1,541,146,159,305,20,8,28,1,0,1,0,1,1,335
PITTSBURGH WARD 26 DIST 2,442,101,146,247,8,4,12,1,0,1,0,0,0,260
PITTSBURGH WARD 26 DIST 3,438,122,118,240,24,11,35,1,1,2,0,0,0,277
PITTSBURGH WARD 26 DIST 4,400,100,96,196,26,13,39,4,2,6,0,1,1,242
PITTSBURGH WARD 26 DIST 5,479,146,49,195,5,1,6,1,0,1,1,1,2,204
PITTSBURGH WARD 26 DIST 6,368,104,44,148,6,1,7,0,0,0,0,0,0,155
PITTSBURGH WARD 26 DIST 7,296,54,101,155,11,4,15,0,0,0,0,1,1,171
PITTSBURGH WARD 26 DIST 8,601,100,92,192,44,14,58,0,1,1,0,0,0,251
PITTSBURGH WARD 26 DIST 9,355,66,89,155,59,32,91,2,1,3,0,2,2,251
PITTSBURGH WARD 26 DIST 10,673,157,215,372,56,15,71,2,1,3,2,0,2,448
PITTSBURGH WARD 26 DIST 11,688,168,221,389,49,13,62,3,2,5,0,1,1,457
PITTSBURGH WARD 26 DIST 12,479,72,138,210,52,20,72,1,2,3,1,3,4,289
PITTSBURGH WARD 26 DIST 13,596,103,181,284,95,27,122,4,1,5,0,2,2,413
PITTSBURGH WARD 26 DIST 14,591,100,151,251,170,47,217,1,4,5,3,2,5,478
PITTSBURGH WARD 26 DIST 15,501,87,128,215,98,44,142,6,1,7,0,0,0,364
PITTSBURGH WARD 26 DIST 16,725,133,239,372,77,30,107,3,2,5,1,2,3,487
PITTSBURGH WARD 26 DIST 17,187,28,36,64,38,15,53,0,1,1,0,0,0,118
PITTSBURGH WARD 27 DIST 1,811,80,301,381,136,70,206,5,4,9,0,2,2,598
PITTSBURGH WARD 27 DIST 2,668,92,217,309,132,74,206,8,1,9,1,0,1,525
PITTSBURGH WARD 27 DIST 3,567,104,199,303,83,30,113,5,6,11,0,0,0,427
PITTSBURGH WARD 27 DIST 4,795,147,199,346,128,34,162,4,6,10,4,3,7,525
PITTSBURGH WARD 27 DIST 5,751,120,252,372,114,41,155,2,3,5,1,1,2,534
PITTSBURGH WARD 27 DIST 6,789,141,210,351,72,31,103,6,3,9,1,1,2,465
PITTSBURGH WARD 27 DIST 7,623,130,198,328,86,23,109,4,3,7,0,0,0,444
PITTSBURGH WARD 27 DIST 8,599,127,178,305,90,26,116,4,4,8,1,0,1,430
PITTSBURGH WARD 27 DIST 9,605,137,114,251,67,25,92,2,1,3,2,1,3,349
PITTSBURGH WARD 27 DIST 10,619,127,159,286,62,16,78,1,1,2,0,0,0,366
PITTSBURGH WARD 27 DIST 11,631,137,133,270,58,26,84,5,1,6,1,0,1,361
PITTSBURGH WARD 27 DIST 12,575,118,115,233,55,15,70,1,0,1,0,0,0,304
PITTSBURGH WARD 27 DIST 13,559,112,153,265,53,24,77,3,1,4,5,2,7,353
PITTSBURGH WARD 28 DIST 1,680,108,148,256,135,60,195,8,2,10,3,4,7,468
PITTSBURGH WARD 28 DIST 2,565,100,133,233,75,24,99,3,3,6,0,0,0,338
PITTSBURGH WARD 28 DIST 3,894,151,236,387,225,57,282,1,1,2,1,1,2,673
PITTSBURGH WARD 28 DIST 4,659,82,184,266,173,51,224,3,1,4,4,1,5,499
PITTSBURGH WARD 28 DIST 5,691,158,173,331,119,29,148,5,3,8,2,0,2,489
PITTSBURGH WARD 28 DIST 6,570,92,156,248,122,45,167,1,2,3,2,1,3,421
PITTSBURGH WARD 28 DIST 7,648,130,125,255,56,19,75,5,0,5,0,0,0,335
PITTSBURGH WARD 28 DIST 8,868,171,253,424,189,40,229,3,3,6,0,2,2,661
PITTSBURGH WARD 28 DIST 9,632,163,184,347,67,25,92,2,1,3,0,0,0,442
PITTSBURGH WARD 28 DIST 10,546,128,115,243,58,11,69,7,0,7,1,0,1,320
PITTSBURGH WARD 28 DIST 11,130,38,31,69,5,4,9,0,0,0,0,0,0,78
PITTSBURGH WARD 29 DIST 1,611,89,125,214,154,34,188,2,0,2,0,1,1,405
PITTSBURGH WARD 29 DIST 2,543,115,132,247,106,19,125,2,1,3,1,0,1,376
PITTSBURGH WARD 29 DIST 3,496,74,113,187,104,27,131,1,2,3,0,0,0,321
PITTSBURGH WARD 29 DIST 4,530,96,95,191,108,43,151,4,1,5,0,2,2,349
PITTSBURGH WARD 29 DIST 5,564,97,126,223,102,29,131,3,1,4,0,0,0,358
PITTSBURGH WARD 29 DIST 6,647,105,154,259,155,27,182,1,0,1,1,0,1,443
PITTSBURGH WARD 29 DIST 7,660,127,170,297,122,50,172,2,1,3,1,2,3,475
PITTSBURGH WARD 29 DIST 8,547,93,114,207,97,25,122,1,0,1,1,1,2,332
PITTSBURGH WARD 29 DIST 9,466,76,79,155,72,31,103,2,3,5,1,0,1,264
PITTSBURGH WARD 29 DIST 10,564,97,133,230,110,33,143,5,3,8,3,1,4,385
PITTSBURGH WARD 29 DIST 11,647,119,131,250,144,31,175,12,1,13,2,0,2,440
PITTSBURGH WARD 29 DIST 12,577,120,99,219,108,18,126,4,2,6,0,0,0,351
PITTSBURGH WARD 30 DIST 1,420,92,76,168,23,12,35,5,0,5,0,0,0,208
PITTSBURGH WARD 30 DIST 2,391,120,77,197,20,12,32,2,1,3,2,0,2,234
PITTSBURGH WARD 30 DIST 3,344,67,42,109,19,8,27,2,1,3,0,0,0,139
PITTSBURGH WARD 30 DIST 4,591,128,127,255,59,16,75,3,0,3,0,0,0,333
PITTSBURGH WARD 30 DIST 5,671,160,137,297,69,20,89,1,0,1,0,0,0,387
PITTSBURGH WARD 31 DIST 1,226,30,29,59,62,19,81,2,0,2,0,0,0,142
PITTSBURGH WARD 31 DIST 2,449,55,89,144,181,44,225,1,2,3,0,2,2,374
PITTSBURGH WARD 31 DIST 3,561,88,119,207,188,31,219,4,3,7,0,1,1,434
PITTSBURGH WARD 31 DIST 4,566,75,105,180,198,29,227,4,1,5,0,0,0,412
PITTSBURGH WARD 31 DIST 5,709,83,184,267,222,58,280,5,1,6,2,0,2,555
PITTSBURGH WARD 31 DIST 6,551,74,88,162,197,52,249,4,1,5,0,0,0,416
PITTSBURGH WARD 31 DIST 7,138,34,38,72,25,7,32,0,1,1,1,0,1,106
PITTSBURGH WARD 32 DIST 1,514,49,107,156,163,37,200,5,3,8,1,0,1,365
PITTSBURGH WARD 32 DIST 2,667,69,144,213,164,51,215,10,3,13,1,3,4,445
PITTSBURGH WARD 32 DIST 3,543,81,148,229,128,31,159,6,0,6,0,0,0,394
PITTSBURGH WARD 32 DIST 4,352,62,85,147,67,15,82,2,0,2,0,0,0,231
PITTSBURGH WARD 32 DIST 5,584,92,178,270,130,35,165,4,6,10,0,0,0,445
PITTSBURGH WARD 32 DIST 6,620,75,114,189,191,58,249,6,3,9,3,3,6,453
PITTSBURGH WARD 32 DIST 7,578,95,166,261,135,28,163,5,2,7,0,1,1,432
PITTSBURGH WARD 32 DIST 8,660,74,185,259,195,62,257,5,0,5,1,0,1,522
PLEASANT HL DIST 1,748,105,193,298,214,56,270,2,6,8,0,4,4,580
PLEASANT HL DIST 2,561,79,145,224,188,42,230,6,2,8,0,1,1,463
PLEASANT HL DIST 3,583,80,141,221,199,41,240,7,3,10,1,1,2,473
PLEASANT HL DIST 4,555,104,130,234,170,30,200,6,0,6,0,0,0,440
PLEASANT HL DIST 5,715,79,181,260,164,93,257,2,4,6,0,1,1,524
PLEASANT HL DIST 6,964,118,250,368,325,99,424,2,3,5,0,0,0,797
PLEASANT HL DIST 7,532,90,115,205,166,34,200,3,2,5,2,0,2,412
PLEASANT HL DIST 8,526,70,104,174,194,56,250,4,2,6,0,0,0,430
PLEASANT HL DIST 9,659,116,162,278,227,52,279,7,1,8,0,2,2,567
PLEASANT HL DIST 10,523,60,112,172,187,47,234,7,2,9,2,0,2,417
PLUM DIST 1,1828,174,490,664,526,211,737,6,8,14,2,4,6,1421
PLUM DIST 2,607,74,95,169,254,52,306,5,2,7,1,0,1,483
PLUM DIST 3,986,81,310,391,203,134,337,3,3,6,1,0,1,735
PLUM DIST 4,863,90,186,276,311,89,400,6,4,10,1,2,3,689
PLUM DIST 5,891,83,229,312,286,79,365,5,2,7,1,1,2,686
PLUM DIST 6,1264,124,292,416,441,160,601,6,5,11,3,1,4,1032
PLUM DIST 7,1261,138,330,468,395,131,526,6,4,10,0,1,1,1005
PLUM DIST 8,613,72,128,200,222,39,261,3,3,6,0,2,2,469
PLUM DIST 9,1143,95,326,421,361,139,500,8,3,11,1,1,2,934
PLUM DIST 10,611,60,110,170,223,61,284,9,2,11,1,2,3,468
PLUM DIST 11,840,91,220,311,285,70,355,2,3,5,2,2,4,675
PLUM DIST 12,1119,142,324,466,348,132,480,3,2,5,3,2,5,956
PLUM DIST 13,582,65,123,188,210,70,280,4,4,8,1,1,2,478
PLUM DIST 14,746,100,153,253,228,68,296,7,6,13,0,1,1,563
PLUM DIST 15,853,119,184,303,213,58,271,7,1,8,1,4,5,587
PLUM DIST 16,631,76,145,221,210,58,268,4,1,5,0,0,0,494
PLUM DIST 17,720,117,155,272,213,43,256,6,2,8,2,1,3,539
PLUM DIST 18,856,106,210,316,286,94,380,4,2,6,0,0,0,702
PLUM DIST 19,2072,201,452,653,765,215,980,8,6,14,2,2,4,1651
PLUM DIST 20,979,104,208,312,355,100,455,5,5,10,0,1,1,778
PLUM DIST 21,425,32,67,99,194,49,243,5,1,6,1,2,3,351
PORT VUE DIST 1,607,87,75,162,198,44,242,4,1,5,3,0,3,412
PORT VUE DIST 2,535,71,78,149,209,39,248,2,0,2,1,0,1,400
PORT VUE DIST 3,529,69,96,165,200,47,247,1,2,3,0,1,1,416
PORT VUE DIST 4,706,95,114,209,267,39,306,7,1,8,3,1,4,527
RANKIN WARD 1,358,110,73,183,22,11,33,1,0,1,0,0,0,217
RANKIN WARD 2,401,118,71,189,12,8,20,0,1,1,0,0,0,210
RANKIN WARD 3,603,144,76,220,24,5,29,1,0,1,1,0,1,251
RESERVE WARD 1,539,129,113,242,140,22,162,6,0,6,0,1,1,411
RESERVE WARD 2,572,122,123,245,170,29,199,6,2,8,2,0,2,454
RESERVE WARD 3,542,104,110,214,177,51,228,8,1,9,1,2,3,454
RESERVE WARD 4,856,109,218,327,266,60,326,4,6,10,0,3,3,666
RICHLAND DIST 1,1142,144,270,414,404,87,491,10,3,13,0,0,0,918
RICHLAND DIST 2,1195,137,265,402,411,106,517,11,7,18,1,4,5,942
RICHLAND DIST 3,1236,168,273,441,435,96,531,13,3,16,3,0,3,991
RICHLAND DIST 4,1159,149,265,414,425,90,515,10,3,13,4,1,5,947
RICHLAND DIST 5,1038,130,214,344,369,100,469,4,1,5,0,1,1,819
RICHLAND DIST 6,1130,124,242,366,461,101,562,3,0,3,2,2,4,935
RICHLAND DIST 7,1141,146,189,335,468,86,554,17,8,25,3,3,6,920
RICHLAND DIST 8,854,60,150,210,267,118,385,7,8,15,0,0,0,610
ROBINSON DIST 1,1661,129,475,604,486,197,683,6,7,13,2,2,4,1304
ROBINSON DIST 2,1165,137,310,447,393,99,492,1,3,4,0,2,2,945
ROBINSON DIST 3,706,101,163,264,226,50,276,2,0,2,0,1,1,543
ROBINSON DIST 4,827,125,192,317,254,66,320,6,6,12,2,0,2,651
ROBINSON DIST 5,616,43,174,217,212,56,268,3,0,3,0,1,1,489
ROBINSON DIST 6,874,103,201,304,254,51,305,2,4,6,5,1,6,621
ROBINSON DIST 7,1391,123,343,466,498,133,631,12,4,16,3,0,3,1116
ROBINSON DIST 8,1721,191,401,592,443,164,607,11,10,21,2,4,6,1226
ROBINSON DIST 9,2513,222,657,879,661,252,913,9,5,14,0,3,3,1809
ROSS WARD 1 DIST 1,778,77,192,269,253,72,325,8,4,12,2,4,6,612
ROSS WARD 1 DIST 2,627,76,204,280,162,49,211,3,4,7,0,0,0,498
ROSS WARD 1 DIST 3,524,78,132,210,139,45,184,6,7,13,0,2,2,409
ROSS WARD 1 DIST 4,860,132,214,346,259,59,318,11,0,11,2,2,4,679
ROSS WARD 2 DIST 1,1227,145,339,484,324,119,443,4,3,7,5,0,5,939
ROSS WARD 2 DIST 2,942,99,260,359,320,94,414,7,1,8,1,2,3,784
ROSS WARD 2 DIST 3,731,112,194,306,208,66,274,3,2,5,6,0,6,591
ROSS WARD 3 DIST 1,686,81,218,299,187,56,243,5,2,7,0,1,1,550
ROSS WARD 3 DIST 2,712,92,233,325,183,63,246,5,6,11,0,2,2,584
ROSS WARD 3 DIST 3,567,76,127,203,193,37,230,6,2,8,0,0,0,441
ROSS WARD 3 DIST 4,692,98,170,268,209,62,271,9,1,10,2,0,2,551
ROSS WARD 4 DIST 1,894,116,246,362,240,60,300,7,4,11,3,7,10,683
ROSS WARD 4 DIST 2,1043,165,318,483,279,101,380,9,6,15,0,2,2,880
ROSS WARD 4 DIST 3,727,79,201,280,232,80,312,5,1,6,0,1,1,599
ROSS WARD 4 DIST 4,781,105,215,320,227,75,302,5,1,6,1,0,1,629
ROSS WARD 5 DIST 1,614,80,157,237,192,56,248,5,4,9,0,2,2,496
ROSS WARD 5 DIST 2,422,49,114,163,126,35,161,2,0,2,0,2,2,328
ROSS WARD 5 DIST 3,787,64,212,276,200,101,301,5,1,6,2,1,3,586
ROSS WARD 5 DIST 4,748,80,227,307,216,74,290,1,0,1,1,1,2,600
ROSS WARD 6 DIST 1,508,100,137,237,110,32,142,5,0,5,0,0,0,384
ROSS WARD 6 DIST 2,978,134,320,454,205,75,280,5,10,15,1,4,5,754
ROSS WARD 6 DIST 3,689,124,176,300,178,43,221,7,2,9,0,0,0,530
ROSS WARD 6 DIST 4,600,97,144,241,168,45,213,7,2,9,0,0,0,463
ROSS WARD 7 DIST 1,614,68,153,221,199,76,275,6,3,9,1,1,2,507
ROSS WARD 7 DIST 2,591,102,130,232,145,35,180,2,0,2,3,0,3,417
ROSS WARD 7 DIST 3,723,102,187,289,223,58,281,6,0,6,0,0,0,576
ROSS WARD 7 DIST 4,598,73,151,224,175,44,219,7,1,8,3,1,4,455
ROSS WARD 8 DIST 1,1647,178,490,668,349,156,505,10,9,19,1,3,4,1196
ROSS WARD 8 DIST 2,516,63,140,203,109,42,151,4,0,4,0,0,0,358
ROSS WARD 8 DIST 3,564,78,167,245,172,45,217,2,2,4,5,0,5,471
ROSS WARD 9 DIST 1,832,92,238,330,282,76,358,3,1,4,1,3,4,696
ROSS WARD 9 DIST 2,969,126,288,414,263,83,346,9,7,16,1,2,3,779
ROSS WARD 9 DIST 3,785,88,205,293,248,72,320,5,1,6,2,2,4,623
ROSSLYN FARMS,407,105,65,170,142,19,161,3,2,5,2,0,2,338
SCOTT WARD 1 DIST 1,602,117,114,231,146,28,174,8,3,11,1,0,1,417
SCOTT WARD 1 DIST 2,670,108,113,221,188,25,213,16,2,18,0,2,2,454
SCOTT WARD 2 DIST 1,474,75,139,214,91,36,127,1,0,1,0,0,0,342
SCOTT WARD 2 DIST 2,669,111,153,264,219,49,268,3,3,6,0,0,0,538
SCOTT WARD 3 DIST 1,534,73,141,214,178,32,210,4,0,4,0,1,1,429
SCOTT WARD 3 DIST 2,742,83,225,308,190,59,249,2,1,3,0,0,0,560
SCOTT WARD 4 DIST 1,780,109,238,347,202,68,270,1,2,3,2,1,3,623
SCOTT WARD 4 DIST 2,652,100,215,315,162,48,210,4,3,7,0,1,1,533
SCOTT WARD 5 DIST 1,616,106,134,240,185,40,225,4,0,4,4,0,4,473
SCOTT WARD 5 DIST 2,740,123,211,334,189,60,249,3,4,7,1,0,1,591
SCOTT WARD 6 DIST 1,686,113,183,296,160,42,202,2,3,5,0,2,2,505
SCOTT WARD 6 DIST 2,820,116,237,353,228,48,276,7,0,7,0,2,2,638
SCOTT WARD 7 DIST 1,892,94,330,424,171,80,251,4,0,4,0,0,0,679
SCOTT WARD 7 DIST 2,638,95,183,278,182,58,240,6,5,11,2,0,2,531
SCOTT WARD 8 DIST 1,531,72,152,224,184,33,217,4,0,4,0,1,1,446
SCOTT WARD 8 DIST 2,1076,100,342,442,187,187,374,4,2,6,0,2,2,824
SCOTT WARD 9 DIST 1,297,51,70,121,49,15,64,1,1,2,1,0,1,188
SCOTT WARD 9 DIST 2,333,55,90,145,70,19,89,1,1,2,0,0,0,236
SEWICKLEY WARD 1,999,178,279,457,210,46,256,7,6,13,3,7,10,736
SEWICKLEY WARD 2 DIST 1,531,70,132,202,131,40,171,2,1,3,2,2,4,380
SEWICKLEY WARD 2 DIST 2,591,92,158,250,123,44,167,6,0,6,2,1,3,426
SEWICKLEY WARD 3,1047,190,276,466,220,69,289,7,2,9,2,0,2,766
SEWICKLEY HTS,792,132,131,263,247,63,310,5,2,7,2,1,3,583
SEWICKLEY HILLS,555,114,96,210,207,27,234,4,1,5,0,2,2,451
SHALER WARD 1 DIST 1,534,95,132,227,160,45,205,3,2,5,0,2,2,439
SHALER WARD 1 DIST 2,530,78,126,204,166,28,194,3,0,3,0,3,3,404
SHALER WARD 1 DIST 3,595,84,131,215,187,40,227,7,1,8,0,1,1,451
SHALER WARD 1 DIST 4,620,100,170,270,183,52,235,3,6,9,1,0,1,515
SHALER WARD 1 DIST 5,665,104,174,278,162,55,217,7,1,8,2,0,2,505
SHALER WARD 2 DIST 1,1065,126,266,392,382,79,461,4,4,8,0,1,1,862
SHALER WARD 2 DIST 2,774,107,180,287,267,78,345,8,3,11,2,0,2,645
SHALER WARD 2 DIST 3,610,114,134,248,182,33,215,5,4,9,1,1,2,474
SHALER WARD 2 DIST 4,791,151,184,335,260,53,313,4,7,11,0,1,1,660
SHALER WARD 2 DIST 5,364,0,92,92,0,32,32,0,0,0,0,0,0,124
SHALER WARD 3 DIST 1,602,68,166,234,192,52,244,4,2,6,1,0,1,485
SHALER WARD 3 DIST 2,617,87,157,244,187,49,236,2,1,3,0,1,1,484
SHALER WARD 3 DIST 3,601,62,140,202,211,66,277,3,1,4,1,2,3,486
SHALER WARD 3 DIST 4,718,97,197,294,231,65,296,1,3,4,1,1,2,596
SHALER WARD 3 DIST 5,687,62,169,231,246,71,317,3,3,6,0,1,1,555
SHALER WARD 4 DIST 1,845,139,199,338,286,54,340,6,5,11,3,1,4,693
SHALER WARD 4 DIST 2,449,70,112,182,131,24,155,4,5,9,0,1,1,347
SHALER WARD 4 DIST 3,680,106,174,280,216,43,259,7,2,9,1,0,1,549
SHALER WARD 4 DIST 4,662,83,174,257,210,69,279,1,4,5,1,0,1,542
SHALER WARD 4 DIST 5,533,85,152,237,149,32,181,3,2,5,0,0,0,423
SHALER WARD 5 DIST 1,745,109,148,257,273,56,329,11,4,15,2,0,2,603
SHALER WARD 5 DIST 2,693,93,177,270,236,50,286,1,1,2,2,0,2,560
SHALER WARD 5 DIST 3,553,78,160,238,185,46,231,2,1,3,2,1,3,475
SHALER WARD 5 DIST 4,358,48,93,141,105,47,152,2,0,2,0,1,1,296
SHALER WARD 5 DIST 5,787,111,193,304,249,70,319,1,0,1,2,0,2,626
SHALER WARD 6 DIST 1,645,81,158,239,212,56,268,2,2,4,2,0,2,513
SHALER WARD 6 DIST 2,715,86,168,254,240,54,294,3,2,5,0,2,2,555
SHALER WARD 6 DIST 3,559,66,142,208,207,48,255,6,4,10,1,1,2,475
SHALER WARD 6 DIST 4,340,45,89,134,125,26,151,0,4,4,0,0,0,289
SHALER WARD 6 DIST 5,545,64,167,231,157,59,216,0,2,2,0,1,1,450
SHALER WARD 7 DIST 1,608,100,157,257,171,50,221,4,2,6,3,0,3,487
SHALER WARD 7 DIST 2,796,125,183,308,241,69,310,7,1,8,1,1,2,628
SHALER WARD 7 DIST 3,664,90,143,233,206,49,255,3,2,5,3,1,4,497
SHALER WARD 7 DIST 4,1036,135,256,391,341,81,422,3,2,5,1,0,1,819
SHARPSBURG DIST 1,621,129,128,257,107,27,134,5,0,5,2,0,2,398
SHARPSBURG DIST 2,854,163,167,330,157,31,188,7,2,9,3,0,3,530
SHARPSBURG DIST 3,845,191,150,341,230,34,264,6,2,8,1,0,1,614
S FAYETTE DIST 1,589,80,153,233,194,54,248,4,0,4,0,0,0,485
S FAYETTE DIST 2,1143,133,236,369,442,95,537,8,2,10,0,3,3,919
S FAYETTE DIST 3,1792,353,376,729,578,113,691,5,3,8,5,1,6,1434
S FAYETTE DIST 4,874,104,201,305,270,80,350,6,2,8,0,1,1,664
S FAYETTE DIST 5,910,135,203,338,322,56,378,7,2,9,2,2,4,729
S FAYETTE DIST 6,1243,161,279,440,363,101,464,5,5,10,3,1,4,918
S FAYETTE DIST 7,679,79,151,230,239,47,286,2,1,3,0,1,1,520
S FAYETTE DIST 8,1577,214,410,624,517,142,659,7,6,13,0,5,5,1301
S FAYETTE DIST 9,691,85,129,214,169,53,222,2,3,5,1,1,2,443
S FAYETTE DIST 10,792,107,184,291,246,49,295,6,4,10,4,1,5,601
S FAYETTE DIST 11,1066,156,202,358,377,71,448,10,2,12,2,1,3,821
S FAYETTE DIST 12,680,72,170,242,204,74,278,3,2,5,1,1,2,527
SOUTH PARK DIST 1,775,72,167,239,285,87,372,6,3,9,2,0,2,622
SOUTH PARK DIST 2,800,110,168,278,286,54,340,2,2,4,0,2,2,624
SOUTH PARK DIST 3,674,94,139,233,231,45,276,7,3,10,0,3,3,522
SOUTH PARK DIST 4,582,93,115,208,170,34,204,4,4,8,0,1,1,421
SOUTH PARK DIST 5,766,125,170,295,277,48,325,4,0,4,4,1,5,629
SOUTH PARK DIST 6,928,121,227,348,269,73,342,5,3,8,1,0,1,699
SOUTH PARK DIST 7,1115,122,297,419,332,108,440,4,4,8,1,2,3,870
SOUTH PARK DIST 8,528,57,137,194,188,47,235,4,2,6,0,0,0,435
SOUTH PARK DIST 9,839,94,205,299,268,66,334,5,3,8,1,0,1,642
SOUTH PARK DIST 10,887,118,187,305,336,71,407,6,2,8,0,0,0,720
SOUTH PARK DIST 11,585,75,118,193,198,31,229,7,2,9,1,0,1,432
SOUTH PARK DIST 12,603,61,140,201,222,51,273,7,3,10,1,0,1,485
SOUTH PARK DIST 13,1074,124,215,339,429,103,532,4,8,12,2,2,4,887
S VERSAILLES,215,21,21,42,126,12,138,2,0,2,0,0,0,182
SPRINGDAL BR DIST 1,699,111,135,246,217,38,255,1,1,2,2,0,2,505
SPRINGDAL BR DIST 2,619,91,109,200,244,49,293,6,1,7,0,0,0,500
SPRINGDAL BR DIST 3,570,90,100,190,187,29,216,4,1,5,1,1,2,413
SPRINGDAL BR DIST 4,485,66,84,150,166,30,196,2,4,6,1,0,1,353
SPRINGDALE TWP,1192,158,233,391,450,100,550,7,5,12,2,1,3,956
STOWE WARD 1,422,86,74,160,75,28,103,1,1,2,0,0,0,265
STOWE WARD 2 DIST 1,180,26,23,49,35,8,43,1,0,1,0,0,0,93
STOWE WARD 2 DIST 2,668,143,115,258,119,35,154,1,3,4,0,1,1,417
STOWE WARD 3,364,55,55,110,73,19,92,1,0,1,0,0,0,203
STOWE WARD 4 DIST 1,340,52,66,118,90,28,118,0,0,0,0,1,1,237
STOWE WARD 4 DIST 2,382,46,90,136,124,37,161,1,1,2,3,1,4,303
STOWE WARD 5,456,82,60,142,83,28,111,2,0,2,0,1,1,256
STOWE WARD 6,437,100,66,166,61,9,70,2,1,3,1,1,2,241
STOWE WARD 7,298,70,37,107,34,7,41,5,2,7,0,0,0,155
STOWE WARD 8,410,77,29,106,54,10,64,3,1,4,1,0,1,175
STOWE WARD 9,303,59,58,117,31,7,38,1,1,2,0,0,0,157
SWISSVALE DIST 1,872,209,203,412,66,21,87,1,1,2,1,0,1,502
SWISSVALE DIST 2,758,187,206,393,48,25,73,2,0,2,0,2,2,470
SWISSVALE DIST 3,662,132,206,338,39,11,50,3,2,5,0,0,0,393
SWISSVALE DIST 4,626,124,192,316,66,18,84,4,2,6,3,1,4,410
SWISSVALE DIST 5,762,148,297,445,64,24,88,6,1,7,2,0,2,542
SWISSVALE DIST 6,399,112,79,191,18,10,28,0,2,2,1,0,1,222
SWISSVALE DIST 7,694,124,279,403,76,24,100,1,1,2,0,0,0,505
SWISSVALE DIST 8,719,138,249,387,56,24,80,4,1,5,0,3,3,475
SWISSVALE DIST 9,680,149,239,388,51,25,76,5,1,6,1,4,5,475
SWISSVALE DIST 10,250,74,60,134,9,4,13,0,0,0,0,0,0,147
SWISSVALE DIST 11,696,110,348,458,45,20,65,1,0,1,1,2,3,527
TARENTUM WARD 1 DIST 1,657,131,82,213,221,18,239,8,0,8,1,0,1,461
TARENTUM WARD 1 DIST 2,476,86,77,163,157,22,179,9,2,11,1,0,1,354
TARENTUM WARD 2,562,64,87,151,146,28,174,5,0,5,0,0,0,330
TARENTUM WARD 3 DIST 1,278,45,33,78,96,14,110,2,0,2,0,0,0,190
TARENTUM WARD 3 DIST 2,592,92,52,144,206,35,241,7,1,8,0,0,0,393
THORNBURG,421,133,79,212,110,21,131,1,0,1,0,0,0,344
PENNSBURY VILL,592,117,126,243,179,30,209,4,2,6,1,0,1,459
TRAFFORD,59,15,4,19,22,4,26,1,0,1,0,0,0,46
TURTLE CREEK WARD 1 DIST 1,841,139,172,311,237,46,283,2,4,6,0,1,1,601
TURTLE CREEK WARD 1 DIST 2,432,112,67,179,83,19,102,0,0,0,0,0,0,281
TURTLE CREEK WARD 2 DIST 1,709,163,123,286,113,16,129,3,1,4,1,0,1,420
TURTLE CREEK WARD 2 DIST 2,325,88,47,135,49,11,60,0,0,0,1,0,1,196
TURTLE CREEK WARD 3 DIST 1,583,121,97,218,84,18,102,6,1,7,0,0,0,327
TURTLE CREEK WARD 3 DIST 2,479,83,92,175,113,30,143,2,1,3,0,1,1,322
UP ST CLAIR WARD 1 DIST 1,735,123,193,316,205,42,247,3,1,4,1,1,2,569
UP ST CLAIR WARD 1 DIST 2,829,130,217,347,225,71,296,2,7,9,1,2,3,655
UP ST CLAIR WARD 1 DIST 3,1127,178,302,480,337,115,452,8,3,11,3,0,3,946
UP ST CLAIR WARD 1 DIST 4,850,142,268,410,210,44,254,1,5,6,1,2,3,673
UP ST CLAIR WARD 2 DIST 1,990,144,271,415,296,60,356,4,4,8,0,2,2,781
UP ST CLAIR WARD 2 DIST 2,723,128,166,294,215,47,262,2,3,5,0,0,0,561
UP ST CLAIR WARD 2 DIST 3,1034,145,298,443,277,92,369,8,3,11,0,0,0,823
UP ST CLAIR WARD 2 DIST 4,545,81,171,252,140,42,182,1,2,3,1,1,2,439
UP ST CLAIR WARD 3 DIST 1,1051,143,289,432,299,70,369,5,4,9,0,1,1,811
UP ST CLAIR WARD 3 DIST 2,862,144,206,350,279,66,345,4,3,7,1,0,1,703
UP ST CLAIR WARD 3 DIST 3,1182,125,292,417,370,111,481,7,4,11,1,2,3,912
UP ST CLAIR WARD 4 DIST 1,1017,168,243,411,312,70,382,4,1,5,1,4,5,803
UP ST CLAIR WARD 4 DIST 2,792,152,193,345,235,49,284,3,1,4,1,2,3,636
UP ST CLAIR WARD 4 DIST 3,622,95,159,254,184,34,218,3,4,7,1,1,2,481
UP ST CLAIR WARD 4 DIST 4,1093,98,308,406,249,152,401,5,2,7,0,1,1,815
UP ST CLAIR WARD 5 DIST 1,1332,215,313,528,429,113,542,7,3,10,1,0,1,1081
UP ST CLAIR WARD 5 DIST 2,840,124,197,321,290,53,343,5,5,10,0,1,1,675
UP ST CLAIR WARD 5 DIST 3,884,146,242,388,250,64,314,2,3,5,2,1,3,710
VERONA DIST 1,513,109,84,193,110,24,134,2,0,2,1,0,1,330
VERONA DIST 2,597,137,100,237,169,29,198,9,2,11,0,0,0,446
VERONA DIST 3,608,114,115,229,180,22,202,2,1,3,1,0,1,435
VERSAILLES DIST 1,558,95,79,174,166,28,194,9,3,12,2,2,4,384
VERSAILLES DIST 2,453,67,81,148,108,20,128,6,1,7,1,0,1,284
WALL,330,41,53,94,95,10,105,2,1,3,0,0,0,202
WEST DEER DIST 1,1452,140,263,403,626,152,778,6,2,8,1,1,2,1191
WEST DEER DIST 2,628,65,85,150,296,52,348,3,3,6,0,0,0,504
WEST DEER DIST 3,877,89,161,250,373,42,415,4,3,7,2,0,2,674
WEST DEER DIST 4,809,84,178,262,297,90,387,3,3,6,0,3,3,658
WEST DEER DIST 5,876,112,133,245,411,37,448,4,3,7,1,0,1,701
WEST DEER DIST 6,772,101,144,245,349,49,398,4,2,6,0,0,0,649
WEST DEER DIST 7,1844,91,501,592,641,240,881,5,10,15,5,8,13,1501
WEST DEER DIST 8,1546,115,419,534,490,203,693,8,7,15,0,3,3,1245
W ELIZABETH,267,58,15,73,109,4,113,1,1,2,0,0,0,188
W HOMESTEAD DIST 1,454,127,71,198,43,9,52,4,0,4,0,0,0,254
W HOMESTEAD DIST 2,459,69,85,154,176,39,215,1,1,2,1,0,1,372
W HOMESTEAD DIST 3,527,72,112,184,200,41,241,1,3,4,0,0,0,429
WEST MIFFLIN DIST 1,697,97,142,239,207,45,252,8,2,10,2,1,3,504
WEST MIFFLIN DIST 2,482,123,127,250,66,11,77,1,0,1,0,1,1,329
WEST MIFFLIN DIST 3,495,83,112,195,116,37,153,5,1,6,3,1,4,358
WEST MIFFLIN DIST 4,435,92,30,122,8,0,8,2,0,2,0,0,0,132
WEST MIFFLIN DIST 5,829,137,174,311,264,73,337,7,0,7,2,2,4,659
WEST MIFFLIN DIST 6,329,36,68,104,109,27,136,2,1,3,0,0,0,243
WEST MIFFLIN DIST 7,746,110,152,262,239,47,286,7,3,10,2,0,2,560
WEST MIFFLIN DIST 8,569,133,113,246,93,22,115,3,0,3,0,1,1,365
WEST MIFFLIN DIST 9,808,132,188,320,199,55,254,6,4,10,0,3,3,587
WEST MIFFLIN DIST 10,521,73,110,183,172,40,212,0,1,1,0,0,0,396
WEST MIFFLIN DIST 11,795,105,151,256,242,50,292,6,3,9,1,1,2,559
WEST MIFFLIN DIST 12,997,140,180,320,282,77,359,2,2,4,1,3,4,687
WEST MIFFLIN DIST 13,584,69,130,199,163,39,202,8,3,11,0,1,1,413
WEST MIFFLIN DIST 14,894,94,215,309,312,82,394,4,1,5,0,3,3,711
WEST MIFFLIN DIST 15,606,112,126,238,151,49,200,3,1,4,0,0,0,442
WEST MIFFLIN DIST 16,1202,113,355,468,318,168,486,2,2,4,0,0,0,958
WEST MIFFLIN DIST 17,591,78,121,199,213,54,267,2,0,2,0,0,0,468
WEST MIFFLIN DIST 18,833,114,181,295,242,62,304,5,2,7,1,1,2,608
WEST MIFFLIN DIST 19,652,70,138,208,234,79,313,5,0,5,1,3,4,530
WEST MIFFLIN DIST 20,471,69,123,192,141,50,191,4,2,6,2,1,3,392
WEST MIFFLIN DIST 21,684,71,192,263,189,69,258,4,1,5,4,2,6,532
WEST VIEW DIST 1,693,135,162,297,197,39,236,9,4,13,0,0,0,546
WEST VIEW DIST 2,776,135,170,305,221,35,256,7,2,9,4,0,4,574
WEST VIEW DIST 3,604,101,126,227,190,27,217,3,1,4,3,1,4,452
WEST VIEW DIST 4,585,85,149,234,189,35,224,6,0,6,1,1,2,466
WEST VIEW DIST 5,790,124,196,320,220,68,288,5,2,7,1,1,2,617
WEST VIEW DIST 6,719,144,169,313,204,44,248,7,5,12,0,2,2,575
WEST VIEW DIST 7,650,95,191,286,160,57,217,5,0,5,1,0,1,509
WHITAKER DIST 1,433,93,60,153,132,14,146,2,1,3,0,0,0,302
WHITAKER DIST 2,360,62,62,124,88,16,104,0,1,1,0,0,0,229
WHITEHALL DIST 1,551,67,153,220,169,61,230,3,3,6,0,1,1,457
WHITEHALL DIST 2,598,99,155,254,188,38,226,2,2,4,2,2,4,488
WHITEHALL DIST 3,728,88,171,259,235,75,310,3,2,5,0,1,1,575
WHITEHALL DIST 4,670,103,187,290,210,40,250,2,4,6,0,1,1,547
WHITEHALL DIST 5,720,93,222,315,174,48,222,1,0,1,0,0,0,538
WHITEHALL DIST 6,1125,163,244,407,109,37,146,4,4,8,1,2,3,564
WHITEHALL DIST 7,451,68,120,188,110,32,142,2,0,2,0,0,0,332
WHITEHALL DIST 8,790,122,203,325,244,85,329,2,1,3,3,1,4,661
WHITEHALL DIST 9,572,0,172,172,0,44,44,0,3,3,0,2,2,221
WHITEHALL DIST 10,638,86,149,235,205,54,259,4,2,6,0,1,1,501
WHITEHALL DIST 11,637,95,131,226,241,48,289,2,1,3,0,1,1,519
WHITEHALL DIST 12,589,99,152,251,176,43,219,1,1,2,0,2,2,474
WHITEHALL DIST 13,497,67,153,220,138,40,178,4,4,8,2,1,3,409
WHITEHALL DIST 14,585,68,170,238,180,50,230,1,1,2,2,0,2,472
WHITEHALL DIST 15,997,82,320,402,263,141,404,1,2,3,1,3,4,813
WHITEHALL DIST 16,619,96,159,255,172,59,231,4,1,5,0,0,0,491
WHITE OAK DIST 1,774,91,130,221,250,59,309,4,4,8,0,0,0,538
WHITE OAK DIST 2,787,82,163,245,255,55,310,9,4,13,2,0,2,570
WHITE OAK DIST 3,904,112,189,301,316,80,396,3,2,5,0,0,0,702
WHITE OAK DIST 4,736,93,194,287,229,60,289,3,2,5,0,1,1,582
WHITE OAK DIST 5,827,120,169,289,282,65,347,5,2,7,1,1,2,645
WHITE OAK DIST 6,749,67,145,212,289,79,368,2,0,2,3,0,3,585
WHITE OAK DIST 7,1122,124,231,355,379,99,478,3,3,6,2,1,3,842
WILKINS WARD 1 DIST 1,786,145,184,329,157,44,201,9,3,12,1,0,1,543
WILKINS WARD 1 DIST 2,653,120,187,307,172,37,209,1,1,2,0,1,1,519
WILKINS WARD 1 DIST 3,854,153,268,421,160,63,223,4,0,4,1,0,1,649
WILKINS WARD 1 DIST 4,679,135,191,326,155,51,206,5,2,7,2,0,2,541
WILKINS WARD 1 DIST 5,479,87,164,251,48,22,70,4,1,5,0,0,0,326
WILKINS WARD 2 DIST 1,651,120,201,321,151,42,193,3,1,4,2,1,3,521
WILKINS WARD 2 DIST 2,949,195,261,456,164,45,209,5,1,6,2,1,3,674
WILKINSBURG WARD 1 DIST 1,975,193,297,490,21,4,25,1,0,1,0,0,0,516
WILKINSBURG WARD 1 DIST 2,731,200,165,365,17,5,22,1,0,1,1,0,1,389
WILKINSBURG WARD 1 DIST 3,457,119,98,217,7,2,9,0,0,0,0,0,0,226
WILKINSBURG WARD 1 DIST 4,606,95,261,356,26,15,41,1,0,1,1,4,5,403
WILKINSBURG WARD 1 DIST 5,553,97,236,333,45,13,58,1,3,4,1,0,1,396
WILKINSBURG WARD 1 DIST 6,975,160,337,497,25,17,42,1,1,2,2,4,6,547
WILKINSBURG WARD 2 DIST 1,786,144,234,378,24,18,42,2,5,7,0,0,0,427
WILKINSBURG WARD 2 DIST 2,969,182,374,556,56,35,91,1,3,4,3,3,6,657
WILKINSBURG WARD 2 DIST 3,795,200,180,380,27,8,35,2,2,4,2,0,2,421
WILKINSBURG WARD 2 DIST 4,537,118,95,213,11,3,14,2,1,3,2,0,2,232
WILKINSBURG WARD 2 DIST 5,797,148,238,386,10,4,14,3,0,3,5,0,5,408
WILKINSBURG WARD 3 DIST 1,758,151,324,475,55,25,80,3,1,4,3,4,7,566
WILKINSBURG WARD 3 DIST 2,658,117,259,376,32,21,53,2,1,3,0,3,3,435
WILKINSBURG WARD 3 DIST 3,811,177,185,362,14,10,24,2,0,2,1,0,1,389
WILKINSBURG WARD 3 DIST 4,1052,162,405,567,51,23,74,2,5,7,1,4,5,653
WILKINSBURG WARD 3 DIST 5,1039,208,345,553,21,6,27,1,3,4,1,4,5,589
WILKINSBURG WARD 3 DIST 6,545,119,100,219,8,2,10,1,0,1,1,0,1,231
WILMERDING DIST 1,487,97,63,160,68,14,82,4,0,4,3,0,3,249
WILMERDING DIST 2,689,156,113,269,123,18,141,2,3,5,0,1,1,416
Total:,942851,147294,248748,396042,208514,59324,267838,5060,2724,7784,1314,1269,2583,674247